0,1,2,3,4,5,6,7,8,9,10,11,12,13,14,15,16,17,18,19,20,21,22,23,24,25,26,27,28,29,30,31,32,33,34,35,36,37,38,39,40,41,42,43,44,45,46,47,48,49,50,51,52,53,54,55,56,57,58,59,60,61,62,63,64,65,66,67,68,69,70,71,72,73,74,75,76,77,78,79,80,81,82,83,84,85,86,87,88,89,90,91,92,93,94,95,96,97,98,99,100,101,102,103,104,105,106,107,108,109,110,111,112,113,114,115,116,117,118,119,120,121,122,123,124,125,126,127,128,129,130,131,132,133,134,135,136,137,138,139,140,141,142,143,144,145,146,147,148,149,150,151,152,153,154,155,156,157,158,159,160,161,162,163,164,165,166,167,168,169,170,171,172,173,174,175,176,177,178,179,180,181,182,183,184,185,186,187,188,189,190,191,192,193,194,195,196,197,198,199,200,201,202,203,204,205,206,207,208,209,210,211,212,213,214,215,216,217,218,219,220,221,222,223,224,225,226,227,228,229,230,231,232,233,234,235,236,237,238,239,240,241,242,243,244,245,246,247,248,249,250,251,252,253,254,255,256,257,258,259,260,261,262,263,264,265,266,267,268,269,270,271,272,273,274,275,276,277,278,279,280,281,282,283,284,285,286,287,288,289,290,291,292,293,294,295,296,297,298,299,300,301,302,303,304,305,306,307,308,309,310,311,312,313,314,315,316,317,318,319,320,321,322,323,324,325,326,327,328,329,330,331,332,333,334,335,336,337,338,339,340,341,342,343,344,345,346,347,348,349,350,351,352,353,354,355,356,357,358,359,360,361,362,363,364,365,366,367,368,369,370,371,372,373,374,375,376,377,378,379,380,381,382,383,384,385,386,387,388,389,390,391,392,393,394,395,396,397,398,399,400,401,402,403,404,405,406,407,408,409,410,411,412,413,414,415,416,417,418,419,420,421,422,423,424,425,426,427,428,429,430,431,432,433,434,435,436,437,438,439,440,441,442,443,444,445,446,447,448,449,450,451,452,453,454,455,456,457,458,459,460,461,462,463,464,465,466,467,468,469,470,471,472,473,474,475,476,477,478,479,480,481,482,483,484,485,486,487,488,489,490,491,492,493,494,495,496,497,498,499,500,501,502,503,504,505,506,507,508,509,510,511,512,513,514,515,516,517,518,519,520,521,522,523,524,525,526,527,528,529,530,531,532,533,534,535,536,537,538,539,540,541,542,543,544,545,546,547,548,549,550,551,552,553,554,555,556,557,558,559,560,561,562,563,564,565,566,567,568,569,570,571,572,573,574,575,576,577,578,579,580,581,582,583,584,585,586,587,588,589,590,591,592,593,594,595,596,597,598,599,600,601,602,603,604,605,606,607,608,609,610,611,612,613,614,615,616,617,618,619,620,621,622,623,624,625,626,627,628,629,630,631,632,633,634,635,636,637,638,639,640,641,642,643,644,645,646,647,648,649,650,651,652,653,654,655,656,657,658,659,660,661,662,663,664,665,666,667,668,669,670,671,672,673,674,675,676,677,678,679,680,681,682,683,684,685,686,687,688,689,690,691,692,693,694,695,696,697,698,699,700,701,702,703,704,705,706,707,708,709,710,711,712,713,714,715,716,717,718,719,720,721,722,723,724,725,726,727,728,729,730,731,732,733,734,735,736,737,738,739,740,741,742,743,744,745,746,747,748,749,750,751,752,753,754,755,756,757,758,759,760,761,762,763,764,765,766,767,768,769,770,771,772,773,774,775,776,777,778,779,780,781,782,783,784,785,786,787,788,789,790,791,792,793,794,795,796,797,798,799,800,801,802,803,804,805,806,807,808,809,810,811,812,813,814,815,816,817,818,819,820,821,822,823,824,825,826,827,828,829,830,831,832,833,834,835,836,837,838,839,840,841,842,843,844,845,846,847,848,849,850,851,852,853,854,855,856,857,858,859,860,861,862,863,864,865,866,867,868,869,870,871,872,873,874,875,876,877,878,879,880,881,882,883,884,885,886,887,888,889,890,891,892,893,894,895,896,897,898,899,900,901,902,903,904,905,906,907,908,909,910,911,912,913,914,915,916,917,918,919,920,921,922,923,924,925,926,927,928,929,930,931,932,933,934,935,936,937,938,939,940,941,942,943,944,945,946,947,948,949,950,951,952,953,954,955,956,957,958,959,960,961,962,963,964,965,966,967,968,969,970,971,972,973,974,975,976,977,978,979,980,981,982,983,984,985,986,987,988,989,990,991,992,993,994,995,996,997,998,999,1000,1001,1002,1003,1004,1005,1006,1007,1008,1009,1010,1011,1012,1013,1014,1015,1016,1017,1018,1019,1020,1021,1022,1023,1024,1025,1026,1027,1028,1029,1030,1031,1032,1033,1034,1035,1036,1037,1038,1039,1040,1041,1042,1043,1044,1045,1046,1047,1048,1049,1050,1051,1052,1053,1054,1055,1056,1057,1058,1059,1060,1061,1062,1063,1064,1065,1066,1067,1068,1069,1070,1071,1072,1073,1074,1075,1076,1077,1078,1079,1080,1081,1082,1083,1084,1085,1086,1087,1088,1089,1090,1091,1092,1093,1094,1095,1096,1097,1098,1099,1100,1101,1102,1103,1104,1105,1106,1107,1108,1109,1110,1111,1112,1113,1114,1115,1116,1117,1118,1119,1120,1121,1122,1123,1124,1125,1126,1127,1128,1129,1130,1131,1132,1133,1134,1135,1136,1137,1138,1139,1140,1141,1142,1143,1144,1145,1146,1147,1148,1149,1150,1151,1152,1153,1154,1155,1156,1157,1158,1159,1160,1161,1162,1163,1164,1165,1166,1167,1168,1169,1170,1171,1172,1173,1174,1175,1176,1177,1178,1179,1180,1181,1182,1183,1184,1185,1186,1187,1188,1189,1190,1191,1192,1193,1194,1195,1196,1197,1198,1199,1200,1201,1202,1203,1204,1205,1206,1207,1208,1209,1210,1211,1212,1213,1214,1215,1216,1217,1218,1219,1220,1221,1222,1223,1224,1225,1226,1227,1228,1229,1230,1231,1232,1233,1234,1235,1236,1237,1238,1239,1240,1241,1242,1243,1244,1245,1246,1247,1248,1249,1250,1251,1252,1253,1254,1255,1256,1257,1258,1259,1260,1261,1262,1263,1264,1265,1266,1267,1268,1269,1270
"
04.10.2018 02:00","
04.10.2018 02:30","
04.10.2018 05:00","
04.10.2018 05:30","
05.10.2018 02:00","
05.10.2018 02:00","
05.10.2018 02:00","
05.10.2018 02:30","
05.10.2018 02:30","
05.10.2018 02:30","
05.10.2018 03:00","
05.10.2018 03:30","
05.10.2018 04:00","
05.10.2018 05:00","
06.10.2018 02:00","
06.10.2018 05:30","
06.10.2018 20:00","
07.10.2018 02:00","
07.10.2018 02:00","
07.10.2018 02:00","
07.10.2018 02:00","
07.10.2018 02:00","
07.10.2018 02:00","
07.10.2018 03:00","
07.10.2018 03:00","
07.10.2018 04:00","
07.10.2018 04:00","
07.10.2018 05:00","
08.10.2018 00:00","
08.10.2018 02:00","
08.10.2018 05:30","
08.10.2018 20:00","
08.10.2018 20:00","
08.10.2018 22:00","
09.10.2018 05:00","
10.10.2018 02:00","
10.10.2018 02:00","
10.10.2018 02:00","
10.10.2018 03:00","
10.10.2018 03:00","
10.10.2018 03:30","
11.10.2018 02:30","
11.10.2018 03:00","
11.10.2018 05:00","
12.10.2018 02:00","
12.10.2018 02:00","
12.10.2018 02:00","
12.10.2018 02:00","
12.10.2018 02:00","
12.10.2018 02:00","
12.10.2018 02:30","
12.10.2018 02:30","
12.10.2018 02:30","
12.10.2018 03:00","
12.10.2018 03:00","
12.10.2018 03:00","
13.10.2018 20:00","
13.10.2018 20:00","
13.10.2018 21:00","
13.10.2018 22:00","
14.10.2018 01:00","
14.10.2018 02:00","
14.10.2018 02:00","
14.10.2018 02:00","
14.10.2018 02:00","
14.10.2018 03:00","
14.10.2018 03:00","
14.10.2018 03:30","
14.10.2018 04:00","
14.10.2018 05:00","
14.10.2018 20:00","
15.10.2018 02:00","
15.10.2018 02:00","
16.10.2018 02:30","
16.10.2018 02:30","
16.10.2018 02:30","
16.10.2018 03:00","
17.10.2018 02:00","
17.10.2018 02:00","
17.10.2018 02:00","
17.10.2018 02:00","
17.10.2018 02:30","
17.10.2018 03:00","
17.10.2018 03:00","
17.10.2018 05:00","
18.10.2018 02:00","
18.10.2018 02:00","
18.10.2018 04:30","
18.10.2018 05:00","
19.10.2018 02:00","
19.10.2018 02:00","
19.10.2018 02:00","
19.10.2018 02:30","
19.10.2018 03:00","
19.10.2018 03:30","
19.10.2018 04:00","
19.10.2018 05:30","
19.10.2018 05:30","
20.10.2018 02:00","
20.10.2018 03:00","
20.10.2018 04:00","
20.10.2018 20:00","
20.10.2018 20:00","
20.10.2018 22:30","
20.10.2018 23:00","
21.10.2018 02:00","
21.10.2018 02:00","
21.10.2018 02:00","
21.10.2018 02:00","
21.10.2018 03:00","
21.10.2018 05:00","
21.10.2018 05:00","
21.10.2018 05:00","
21.10.2018 05:30","
22.10.2018 02:00","
22.10.2018 02:00","
22.10.2018 03:00","
23.10.2018 02:00","
23.10.2018 02:30","
23.10.2018 03:00","
23.10.2018 05:00","
24.10.2018 02:00","
24.10.2018 02:00","
24.10.2018 02:30","
24.10.2018 02:30","
24.10.2018 03:00","
24.10.2018 03:30","
24.10.2018 03:30","
24.10.2018 04:00","
25.10.2018 02:00","
25.10.2018 02:00","
25.10.2018 04:30","
25.10.2018 05:00","
26.10.2018 02:00","
26.10.2018 02:00","
26.10.2018 02:00","
26.10.2018 03:00","
26.10.2018 03:00","
26.10.2018 03:30","
26.10.2018 03:30","
26.10.2018 04:00","
26.10.2018 04:00","
26.10.2018 05:00","
27.10.2018 01:00","
27.10.2018 02:30","
27.10.2018 02:30","
27.10.2018 04:00","
27.10.2018 19:00","
27.10.2018 20:00","
27.10.2018 22:00","
27.10.2018 23:00","
28.10.2018 02:00","
28.10.2018 02:00","
28.10.2018 02:00","
28.10.2018 03:00","
28.10.2018 03:00","
28.10.2018 03:00","
28.10.2018 05:00","
28.10.2018 22:30","
29.10.2018 00:00","
29.10.2018 00:00","
29.10.2018 01:00","
29.10.2018 03:00","
29.10.2018 03:00","
30.10.2018 02:00","
30.10.2018 05:00","
31.10.2018 02:00","
31.10.2018 02:00","
31.10.2018 02:00","
31.10.2018 02:00","
31.10.2018 02:30","
31.10.2018 02:30","
31.10.2018 03:00","
31.10.2018 04:00","
31.10.2018 05:00","
31.10.2018 05:00","
31.10.2018 05:30","
01.11.2018 05:00","
01.11.2018 21:00","
02.11.2018 02:00","
02.11.2018 02:00","
02.11.2018 02:30","
02.11.2018 02:30","
02.11.2018 02:30","
02.11.2018 02:30","
02.11.2018 03:00","
02.11.2018 04:00","
02.11.2018 04:00","
02.11.2018 05:00","
02.11.2018 05:30","
02.11.2018 05:30","
02.11.2018 21:00","
03.11.2018 05:00","
03.11.2018 05:00","
03.11.2018 21:00","
04.11.2018 02:00","
04.11.2018 02:00","
04.11.2018 02:00","
04.11.2018 02:00","
04.11.2018 02:00","
04.11.2018 03:00","
04.11.2018 03:00","
04.11.2018 05:00","
04.11.2018 05:00","
04.11.2018 05:30","
04.11.2018 05:30","
05.11.2018 03:00","
05.11.2018 03:00","
05.11.2018 05:00","
06.11.2018 03:00","
06.11.2018 03:00","
06.11.2018 03:00","
06.11.2018 03:00","
06.11.2018 05:00","
07.11.2018 03:00","
07.11.2018 03:00","
07.11.2018 03:00","
07.11.2018 03:30","
07.11.2018 03:30","
07.11.2018 03:30","
07.11.2018 04:00","
07.11.2018 06:30","
07.11.2018 06:30","
08.11.2018 03:30","
08.11.2018 06:00","
08.11.2018 06:30","
09.11.2018 03:00","
09.11.2018 03:00","
09.11.2018 03:00","
09.11.2018 03:30","
09.11.2018 03:30","
09.11.2018 03:30","
09.11.2018 04:30","
09.11.2018 04:30","
09.11.2018 06:30","
10.11.2018 03:00","
10.11.2018 03:00","
10.11.2018 03:30","
10.11.2018 04:00","
10.11.2018 04:00","
10.11.2018 06:00","
10.11.2018 21:00","
10.11.2018 21:00","
10.11.2018 22:00","
11.11.2018 03:00","
11.11.2018 03:00","
11.11.2018 03:00","
11.11.2018 03:00","
11.11.2018 03:00","
11.11.2018 03:00","
11.11.2018 03:00","
11.11.2018 06:00","
11.11.2018 23:00","
12.11.2018 01:00","
12.11.2018 01:00","
12.11.2018 03:00","
12.11.2018 03:00","
12.11.2018 05:00","
12.11.2018 05:30","
13.11.2018 03:00","
13.11.2018 03:00","
13.11.2018 04:30","
13.11.2018 06:00","
14.11.2018 03:00","
14.11.2018 03:00","
14.11.2018 03:00","
14.11.2018 03:30","
14.11.2018 03:30","
14.11.2018 04:00","
14.11.2018 05:00","
14.11.2018 06:30","
14.11.2018 06:30","
15.11.2018 04:00","
15.11.2018 04:00","
15.11.2018 06:00","
15.11.2018 06:30","
16.11.2018 03:00","
16.11.2018 03:00","
16.11.2018 03:00","
16.11.2018 03:00","
16.11.2018 03:30","
16.11.2018 04:00","
16.11.2018 05:00","
16.11.2018 05:00","
16.11.2018 06:30","
17.11.2018 04:00","
17.11.2018 04:00","
17.11.2018 04:30","
17.11.2018 05:00","
17.11.2018 06:00","
17.11.2018 06:00","
17.11.2018 21:00","
17.11.2018 21:00","
18.11.2018 02:00","
18.11.2018 03:00","
18.11.2018 03:00","
18.11.2018 03:00","
18.11.2018 03:00","
18.11.2018 04:00","
18.11.2018 04:00","
18.11.2018 06:00","
18.11.2018 06:30","
18.11.2018 21:00","
19.11.2018 01:00","
19.11.2018 02:00","
19.11.2018 04:00","
19.11.2018 04:00","
20.11.2018 03:00","
20.11.2018 03:00","
20.11.2018 03:00","
20.11.2018 03:30","
20.11.2018 03:30","
20.11.2018 04:00","
20.11.2018 04:00","
20.11.2018 05:00","
20.11.2018 06:00","
21.11.2018 06:30","
22.11.2018 03:00","
22.11.2018 03:00","
22.11.2018 03:00","
22.11.2018 03:00","
22.11.2018 03:00","
22.11.2018 03:30","
22.11.2018 03:30","
22.11.2018 03:30","
22.11.2018 04:00","
22.11.2018 04:00","
22.11.2018 05:00","
22.11.2018 06:00","
22.11.2018 06:00","
22.11.2018 06:30","
23.11.2018 21:00","
24.11.2018 00:00","
24.11.2018 00:00","
24.11.2018 00:00","
24.11.2018 00:00","
24.11.2018 00:00","
24.11.2018 02:00","
24.11.2018 03:00","
24.11.2018 03:30","
24.11.2018 03:30","
24.11.2018 03:30","
24.11.2018 04:00","
24.11.2018 04:00","
24.11.2018 04:00","
24.11.2018 05:00","
24.11.2018 22:00","
25.11.2018 03:00","
25.11.2018 03:00","
25.11.2018 03:00","
25.11.2018 03:00","
25.11.2018 03:00","
25.11.2018 03:00","
25.11.2018 03:00","
25.11.2018 05:00","
25.11.2018 06:00","
25.11.2018 06:00","
25.11.2018 23:00","
26.11.2018 03:00","
26.11.2018 04:00","
26.11.2018 06:30","
27.11.2018 03:00","
27.11.2018 03:00","
27.11.2018 03:00","
27.11.2018 03:00","
27.11.2018 03:30","
28.11.2018 03:00","
28.11.2018 03:00","
28.11.2018 03:30","
28.11.2018 03:30","
28.11.2018 04:00","
28.11.2018 04:00","
28.11.2018 04:00","
28.11.2018 04:00","
28.11.2018 05:00","
28.11.2018 06:00","
29.11.2018 03:00","
29.11.2018 03:00","
29.11.2018 03:30","
29.11.2018 05:00","
29.11.2018 05:30","
30.11.2018 03:00","
30.11.2018 03:30","
30.11.2018 03:30","
30.11.2018 04:00","
30.11.2018 04:00","
30.11.2018 04:08","
30.11.2018 05:00","
30.11.2018 06:00","
01.12.2018 03:00","
01.12.2018 03:00","
01.12.2018 03:30","
01.12.2018 05:00","
01.12.2018 05:00","
01.12.2018 21:00","
02.12.2018 00:00","
02.12.2018 03:00","
02.12.2018 03:00","
02.12.2018 03:00","
02.12.2018 03:00","
02.12.2018 03:00","
02.12.2018 03:00","
02.12.2018 03:00","
02.12.2018 04:00","
02.12.2018 04:00","
02.12.2018 06:00","
02.12.2018 23:00","
03.12.2018 02:00","
03.12.2018 03:00","
03.12.2018 03:00","
03.12.2018 03:00","
03.12.2018 06:30","
04.12.2018 03:00","
04.12.2018 04:00","
04.12.2018 04:30","
05.12.2018 03:00","
05.12.2018 03:00","
05.12.2018 03:00","
05.12.2018 03:00","
05.12.2018 03:30","
05.12.2018 03:30","
05.12.2018 03:30","
05.12.2018 06:00","
05.12.2018 06:00","
05.12.2018 06:30","
06.12.2018 04:00","
06.12.2018 06:30","
06.12.2018 06:30","
07.12.2018 03:00","
07.12.2018 03:00","
07.12.2018 03:00","
07.12.2018 03:00","
07.12.2018 03:30","
07.12.2018 03:30","
07.12.2018 05:00","
07.12.2018 05:00","
07.12.2018 06:00","
07.12.2018 06:00","
07.12.2018 06:30","
08.12.2018 04:00","
08.12.2018 04:00","
08.12.2018 05:00","
08.12.2018 06:00","
08.12.2018 21:00","
09.12.2018 00:00","
09.12.2018 03:00","
09.12.2018 03:00","
09.12.2018 03:00","
09.12.2018 03:00","
09.12.2018 03:00","
09.12.2018 03:00","
09.12.2018 04:00","
09.12.2018 06:00","
09.12.2018 23:00","
09.12.2018 23:00","
10.12.2018 01:00","
10.12.2018 02:00","
10.12.2018 04:00","
10.12.2018 05:00","
10.12.2018 05:00","
11.12.2018 03:00","
11.12.2018 03:30","
11.12.2018 03:30","
11.12.2018 06:30","
12.12.2018 03:00","
12.12.2018 03:00","
12.12.2018 03:00","
12.12.2018 03:00","
12.12.2018 03:30","
12.12.2018 04:00","
12.12.2018 04:00","
12.12.2018 04:00","
12.12.2018 04:00","
12.12.2018 05:00","
13.12.2018 03:00","
13.12.2018 04:00","
13.12.2018 04:30","
13.12.2018 06:00","
14.12.2018 03:00","
14.12.2018 03:00","
14.12.2018 03:30","
14.12.2018 03:30","
14.12.2018 04:00","
14.12.2018 04:00","
14.12.2018 04:00","
14.12.2018 06:30","
15.12.2018 03:00","
15.12.2018 03:00","
15.12.2018 03:00","
15.12.2018 03:30","
15.12.2018 03:30","
15.12.2018 04:00","
15.12.2018 04:30","
15.12.2018 05:00","
15.12.2018 21:30","
16.12.2018 03:00","
16.12.2018 03:00","
16.12.2018 03:00","
16.12.2018 03:00","
16.12.2018 03:00","
16.12.2018 03:00","
16.12.2018 04:00","
16.12.2018 05:00","
16.12.2018 06:00","
16.12.2018 20:30","
16.12.2018 21:00","
16.12.2018 23:00","
17.12.2018 01:00","
17.12.2018 03:00","
17.12.2018 03:00","
17.12.2018 06:00","
18.12.2018 03:00","
18.12.2018 03:00","
18.12.2018 03:30","
18.12.2018 03:30","
18.12.2018 05:00","
19.12.2018 03:00","
19.12.2018 03:00","
19.12.2018 03:00","
19.12.2018 03:00","
19.12.2018 04:00","
19.12.2018 04:30","
19.12.2018 04:30","
19.12.2018 05:00","
19.12.2018 05:00","
19.12.2018 06:00","
19.12.2018 06:30","
20.12.2018 04:00","
20.12.2018 04:30","
21.12.2018 03:00","
21.12.2018 03:00","
21.12.2018 03:00","
21.12.2018 03:00","
21.12.2018 03:00","
21.12.2018 03:00","
21.12.2018 04:30","
21.12.2018 05:00","
21.12.2018 05:00","
21.12.2018 06:00","
21.12.2018 06:00","
21.12.2018 06:30","
22.12.2018 03:00","
22.12.2018 03:00","
22.12.2018 05:00","
22.12.2018 21:00","
22.12.2018 21:00","
22.12.2018 22:00","
23.12.2018 00:00","
23.12.2018 00:00","
23.12.2018 00:00","
23.12.2018 03:00","
23.12.2018 03:00","
23.12.2018 03:00","
23.12.2018 03:00","
23.12.2018 03:00","
23.12.2018 04:00","
23.12.2018 06:00","
23.12.2018 06:00","
23.12.2018 20:30","
24.12.2018 01:00","
24.12.2018 03:00","
24.12.2018 03:00","
24.12.2018 03:30","
24.12.2018 04:00","
24.12.2018 04:00","
24.12.2018 04:00","
28.12.2018 03:00","
28.12.2018 03:00","
28.12.2018 03:00","
28.12.2018 03:00","
28.12.2018 03:30","
28.12.2018 04:00","
28.12.2018 04:00","
28.12.2018 04:00","
28.12.2018 04:30","
28.12.2018 05:00","
28.12.2018 06:00","
28.12.2018 06:30","
28.12.2018 06:30","
29.12.2018 03:00","
29.12.2018 03:00","
29.12.2018 03:00","
29.12.2018 21:00","
30.12.2018 00:00","
30.12.2018 00:00","
30.12.2018 00:00","
30.12.2018 03:00","
30.12.2018 03:00","
30.12.2018 03:00","
30.12.2018 03:00","
30.12.2018 03:00","
30.12.2018 04:00","
30.12.2018 04:00","
30.12.2018 04:00","
30.12.2018 05:00","
30.12.2018 06:00","
30.12.2018 06:00","
31.12.2018 04:00","
31.12.2018 20:30","
31.12.2018 21:00","
01.01.2019 02:00","
01.01.2019 02:00","
01.01.2019 02:00","
01.01.2019 03:00","
01.01.2019 03:00","
01.01.2019 03:30","
01.01.2019 04:00","
01.01.2019 04:00","
01.01.2019 04:30","
01.01.2019 05:00","
01.01.2019 05:00","
01.01.2019 21:00","
02.01.2019 04:30","
02.01.2019 05:00","
03.01.2019 03:00","
03.01.2019 03:00","
03.01.2019 03:00","
03.01.2019 04:30","
03.01.2019 05:30","
03.01.2019 05:30","
03.01.2019 22:00","
04.01.2019 03:00","
04.01.2019 03:00","
04.01.2019 03:00","
04.01.2019 03:30","
04.01.2019 03:30","
04.01.2019 04:00","
04.01.2019 06:30","
05.01.2019 03:00","
05.01.2019 03:30","
05.01.2019 03:30","
05.01.2019 04:00","
05.01.2019 05:00","
05.01.2019 05:00","
05.01.2019 06:00","
05.01.2019 21:00","
05.01.2019 21:00","
06.01.2019 03:00","
06.01.2019 03:00","
06.01.2019 03:00","
06.01.2019 03:00","
06.01.2019 04:00","
06.01.2019 06:00","
06.01.2019 07:00","
06.01.2019 21:00","
07.01.2019 00:00","
07.01.2019 00:00","
07.01.2019 01:00","
07.01.2019 01:00","
07.01.2019 04:00","
07.01.2019 04:00","
08.01.2019 03:00","
08.01.2019 03:00","
08.01.2019 03:30","
08.01.2019 04:30","
08.01.2019 06:30","
09.01.2019 03:00","
09.01.2019 03:00","
09.01.2019 03:00","
09.01.2019 03:00","
09.01.2019 03:30","
09.01.2019 03:30","
09.01.2019 03:30","
09.01.2019 04:00","
09.01.2019 04:00","
09.01.2019 06:00","
09.01.2019 06:30","
10.01.2019 04:00","
10.01.2019 05:30","
10.01.2019 06:00","
11.01.2019 03:00","
11.01.2019 03:00","
11.01.2019 03:00","
11.01.2019 03:00","
11.01.2019 03:00","
11.01.2019 03:30","
11.01.2019 04:00","
11.01.2019 04:00","
11.01.2019 05:00","
11.01.2019 06:00","
11.01.2019 06:00","
11.01.2019 06:30","
12.01.2019 03:30","
12.01.2019 04:00","
12.01.2019 05:00","
12.01.2019 06:00","
12.01.2019 21:00","
12.01.2019 21:00","
13.01.2019 03:00","
13.01.2019 03:00","
13.01.2019 03:00","
13.01.2019 03:00","
13.01.2019 04:00","
13.01.2019 04:30","
13.01.2019 05:00","
13.01.2019 06:00","
13.01.2019 06:00","
13.01.2019 06:30","
13.01.2019 20:30","
14.01.2019 02:00","
14.01.2019 02:00","
14.01.2019 03:00","
14.01.2019 03:00","
14.01.2019 05:30","
15.01.2019 03:00","
15.01.2019 03:00","
15.01.2019 03:00","
15.01.2019 03:00","
15.01.2019 03:30","
15.01.2019 05:00","
16.01.2019 03:00","
16.01.2019 03:00","
16.01.2019 03:00","
16.01.2019 03:30","
16.01.2019 03:30","
16.01.2019 04:00","
16.01.2019 04:00","
16.01.2019 04:00","
16.01.2019 04:30","
16.01.2019 06:00","
17.01.2019 03:00","
17.01.2019 03:30","
17.01.2019 05:30","
17.01.2019 06:00","
17.01.2019 06:00","
18.01.2019 03:00","
18.01.2019 03:00","
18.01.2019 03:00","
18.01.2019 03:30","
18.01.2019 04:00","
18.01.2019 04:00","
18.01.2019 04:30","
19.01.2019 03:00","
19.01.2019 03:00","
19.01.2019 03:30","
19.01.2019 03:30","
19.01.2019 05:00","
19.01.2019 05:00","
19.01.2019 06:00","
19.01.2019 21:00","
19.01.2019 23:00","
20.01.2019 03:00","
20.01.2019 03:00","
20.01.2019 03:00","
20.01.2019 03:00","
20.01.2019 03:00","
20.01.2019 04:00","
20.01.2019 05:00","
20.01.2019 06:00","
20.01.2019 06:00","
20.01.2019 20:30","
20.01.2019 23:00","
21.01.2019 00:00","
21.01.2019 03:00","
21.01.2019 05:30","
21.01.2019 23:00","
22.01.2019 00:00","
22.01.2019 02:00","
22.01.2019 03:00","
23.01.2019 03:00","
23.01.2019 03:30","
23.01.2019 04:30","
23.01.2019 05:00","
23.01.2019 05:00","
24.01.2019 03:30","
24.01.2019 03:30","
24.01.2019 05:30","
24.01.2019 06:00","
24.01.2019 06:00","
24.01.2019 06:30","
29.01.2019 03:00","
29.01.2019 03:00","
30.01.2019 03:00","
30.01.2019 03:00","
30.01.2019 03:30","
31.01.2019 04:00","
31.01.2019 04:30","
01.02.2019 03:00","
01.02.2019 03:00","
01.02.2019 04:00","
02.02.2019 03:00","
02.02.2019 03:00","
02.02.2019 03:00","
02.02.2019 03:00","
02.02.2019 03:00","
02.02.2019 03:30","
02.02.2019 03:30","
02.02.2019 04:00","
02.02.2019 21:00","
02.02.2019 22:00","
03.02.2019 03:00","
03.02.2019 03:00","
03.02.2019 03:00","
03.02.2019 03:00","
03.02.2019 03:00","
03.02.2019 03:00","
03.02.2019 04:00","
03.02.2019 04:00","
03.02.2019 04:00","
03.02.2019 06:00","
03.02.2019 06:30","
03.02.2019 20:30","
03.02.2019 22:00","
03.02.2019 22:00","
05.02.2019 03:00","
05.02.2019 03:00","
05.02.2019 03:00","
05.02.2019 04:30","
06.02.2019 03:00","
06.02.2019 03:00","
06.02.2019 03:00","
06.02.2019 03:00","
06.02.2019 03:00","
06.02.2019 03:00","
06.02.2019 03:30","
06.02.2019 03:30","
06.02.2019 04:00","
06.02.2019 04:00","
06.02.2019 05:00","
06.02.2019 05:00","
07.02.2019 03:30","
07.02.2019 04:00","
08.02.2019 03:00","
08.02.2019 03:00","
08.02.2019 03:00","
08.02.2019 03:00","
08.02.2019 03:00","
08.02.2019 03:30","
08.02.2019 03:30","
08.02.2019 03:30","
08.02.2019 03:30","
08.02.2019 04:00","
08.02.2019 04:00","
08.02.2019 04:30","
08.02.2019 05:00","
08.02.2019 05:00","
09.02.2019 04:00","
09.02.2019 21:00","
09.02.2019 21:00","
09.02.2019 21:00","
09.02.2019 21:00","
09.02.2019 21:00","
09.02.2019 22:00","
09.02.2019 22:00","
10.02.2019 00:00","
10.02.2019 03:00","
10.02.2019 03:00","
10.02.2019 03:00","
10.02.2019 03:00","
10.02.2019 06:00","
10.02.2019 06:00","
10.02.2019 20:30","
10.02.2019 23:00","
10.02.2019 23:00","
10.02.2019 23:00","
10.02.2019 23:00","
10.02.2019 23:00","
11.02.2019 02:00","
11.02.2019 03:00","
12.02.2019 03:00","
12.02.2019 03:00","
12.02.2019 06:00","
13.02.2019 03:00","
13.02.2019 03:00","
13.02.2019 03:00","
13.02.2019 03:00","
13.02.2019 03:30","
13.02.2019 03:30","
13.02.2019 04:00","
13.02.2019 04:00","
13.02.2019 04:00","
13.02.2019 04:00","
13.02.2019 05:00","
13.02.2019 06:00","
14.02.2019 04:00","
14.02.2019 06:30","
15.02.2019 03:00","
15.02.2019 03:00","
15.02.2019 03:30","
15.02.2019 03:30","
15.02.2019 04:00","
15.02.2019 04:00","
15.02.2019 04:30","
15.02.2019 05:00","
15.02.2019 06:00","
15.02.2019 06:30","
15.02.2019 06:30","
16.02.2019 03:00","
16.02.2019 03:30","
16.02.2019 04:30","
16.02.2019 06:00","
16.02.2019 21:00","
16.02.2019 21:00","
16.02.2019 23:00","
17.02.2019 03:00","
17.02.2019 03:00","
17.02.2019 03:00","
17.02.2019 03:00","
17.02.2019 04:00","
17.02.2019 04:30","
17.02.2019 06:00","
17.02.2019 06:00","
17.02.2019 06:30","
17.02.2019 20:30","
17.02.2019 23:00","
18.02.2019 02:00","
18.02.2019 02:00","
18.02.2019 03:00","
18.02.2019 05:00","
19.02.2019 00:00","
19.02.2019 03:30","
19.02.2019 04:30","
19.02.2019 05:00","
19.02.2019 06:00","
19.02.2019 06:30","
20.02.2019 03:00","
20.02.2019 03:00","
20.02.2019 03:00","
20.02.2019 03:00","
20.02.2019 03:30","
20.02.2019 04:00","
20.02.2019 04:00","
20.02.2019 04:30","
20.02.2019 05:00","
21.02.2019 03:30","
21.02.2019 04:30","
21.02.2019 05:30","
21.02.2019 06:00","
22.02.2019 03:00","
22.02.2019 03:00","
22.02.2019 03:00","
22.02.2019 03:00","
22.02.2019 03:00","
22.02.2019 03:30","
22.02.2019 03:30","
22.02.2019 04:00","
22.02.2019 04:30","
22.02.2019 05:00","
22.02.2019 06:00","
23.02.2019 03:00","
23.02.2019 03:30","
23.02.2019 03:30","
23.02.2019 05:00","
23.02.2019 06:00","
23.02.2019 21:00","
23.02.2019 21:00","
24.02.2019 00:00","
24.02.2019 01:00","
24.02.2019 01:00","
24.02.2019 01:00","
24.02.2019 01:30","
24.02.2019 03:00","
24.02.2019 04:00","
24.02.2019 06:00","
24.02.2019 06:00","
24.02.2019 20:30","
24.02.2019 23:00","
24.02.2019 23:00","
25.02.2019 03:00","
25.02.2019 03:00","
25.02.2019 05:00","
26.02.2019 03:00","
26.02.2019 03:00","
26.02.2019 03:30","
26.02.2019 04:00","
26.02.2019 05:00","
26.02.2019 06:00","
27.02.2019 03:00","
27.02.2019 03:00","
27.02.2019 03:00","
27.02.2019 03:00","
27.02.2019 03:00","
27.02.2019 03:00","
27.02.2019 03:30","
27.02.2019 04:00","
27.02.2019 04:00","
27.02.2019 05:00","
27.02.2019 06:00","
28.02.2019 03:00","
28.02.2019 03:00","
28.02.2019 03:30","
28.02.2019 05:30","
28.02.2019 06:00","
01.03.2019 03:00","
01.03.2019 03:00","
01.03.2019 03:00","
01.03.2019 03:30","
01.03.2019 05:00","
01.03.2019 06:00","
01.03.2019 06:30","
02.03.2019 03:00","
02.03.2019 03:00","
02.03.2019 03:00","
02.03.2019 03:00","
02.03.2019 03:30","
02.03.2019 04:00","
02.03.2019 06:00","
02.03.2019 06:30","
02.03.2019 22:00","
03.03.2019 00:00","
03.03.2019 03:00","
03.03.2019 03:00","
03.03.2019 03:00","
03.03.2019 03:00","
03.03.2019 03:00","
03.03.2019 04:00","
03.03.2019 04:00","
03.03.2019 06:00","
03.03.2019 20:30","
03.03.2019 23:00","
04.03.2019 00:00","
04.03.2019 00:00","
04.03.2019 01:00","
04.03.2019 03:00","
04.03.2019 03:30","
04.03.2019 06:00","
05.03.2019 03:00","
05.03.2019 05:00","
06.03.2019 03:00","
06.03.2019 03:00","
06.03.2019 03:00","
06.03.2019 03:00","
06.03.2019 03:30","
06.03.2019 04:00","
06.03.2019 04:30","
06.03.2019 05:00","
06.03.2019 05:00","
06.03.2019 06:30","
07.03.2019 03:30","
07.03.2019 05:00","
07.03.2019 06:00","
07.03.2019 06:30","
08.03.2019 03:00","
08.03.2019 03:00","
08.03.2019 03:30","
08.03.2019 03:30","
08.03.2019 03:30","
08.03.2019 04:30","
08.03.2019 04:30","
08.03.2019 05:00","
08.03.2019 05:00","
08.03.2019 06:30","
08.03.2019 06:30","
09.03.2019 03:00","
09.03.2019 03:00","
09.03.2019 03:30","
09.03.2019 06:00","
09.03.2019 23:00","
10.03.2019 00:00","
10.03.2019 03:00","
10.03.2019 03:00","
10.03.2019 03:00","
10.03.2019 03:00","
10.03.2019 03:00","
10.03.2019 03:00","
10.03.2019 04:00","
10.03.2019 04:00","
10.03.2019 04:00","
10.03.2019 06:00","
11.03.2019 00:00","
11.03.2019 02:00","
11.03.2019 02:30","
11.03.2019 04:30","
11.03.2019 05:00","
12.03.2019 02:00","
12.03.2019 02:00","
12.03.2019 02:00","
12.03.2019 03:00","
12.03.2019 03:30","
12.03.2019 04:00","
12.03.2019 04:00","
13.03.2019 02:00","
13.03.2019 02:00","
13.03.2019 02:00","
13.03.2019 02:30","
13.03.2019 03:00","
13.03.2019 03:00","
13.03.2019 04:00","
13.03.2019 05:00","
14.03.2019 02:00","
14.03.2019 04:30","
14.03.2019 05:00","
15.03.2019 02:00","
15.03.2019 02:00","
15.03.2019 02:00","
15.03.2019 02:30","
15.03.2019 02:30","
15.03.2019 03:00","
15.03.2019 03:00","
15.03.2019 05:00","
15.03.2019 05:30","
15.03.2019 05:30","
16.03.2019 02:00","
16.03.2019 02:00","
16.03.2019 03:00","
16.03.2019 04:00","
16.03.2019 04:00","
16.03.2019 05:00","
16.03.2019 20:00","
16.03.2019 21:00","
16.03.2019 23:00","
17.03.2019 02:00","
17.03.2019 02:00","
17.03.2019 02:00","
17.03.2019 02:00","
17.03.2019 02:00","
17.03.2019 02:00","
17.03.2019 03:00","
17.03.2019 05:00","
17.03.2019 05:30","
17.03.2019 22:00","
18.03.2019 00:00","
18.03.2019 01:00","
18.03.2019 02:00","
18.03.2019 02:30","
18.03.2019 04:00","
18.03.2019 05:00","
19.03.2019 02:30","
19.03.2019 03:30","
19.03.2019 05:30","
19.03.2019 05:30","
20.03.2019 02:00","
20.03.2019 02:00","
20.03.2019 02:00","
20.03.2019 02:00","
20.03.2019 02:00","
20.03.2019 03:00","
20.03.2019 03:00","
20.03.2019 03:00","
20.03.2019 03:30","
20.03.2019 04:00","
21.03.2019 02:00","
21.03.2019 02:30","
21.03.2019 05:00","
21.03.2019 05:00","
22.03.2019 02:00","
22.03.2019 02:00","
22.03.2019 02:00","
22.03.2019 02:30","
22.03.2019 03:00","
22.03.2019 03:00","
22.03.2019 03:30","
22.03.2019 03:30","
22.03.2019 04:00","
22.03.2019 04:00","
22.03.2019 05:00","
22.03.2019 05:30","
23.03.2019 02:00","
23.03.2019 05:00","
23.03.2019 20:00","
23.03.2019 20:00","
23.03.2019 22:00","
23.03.2019 23:00","
24.03.2019 02:00","
24.03.2019 02:00","
24.03.2019 02:00","
24.03.2019 02:00","
24.03.2019 02:00","
24.03.2019 03:00","
24.03.2019 03:00","
24.03.2019 05:00","
24.03.2019 05:00","
24.03.2019 05:30","
24.03.2019 19:30","
24.03.2019 22:00","
25.03.2019 02:00","
25.03.2019 03:00","
25.03.2019 05:00","
26.03.2019 02:00","
26.03.2019 02:00","
26.03.2019 02:00","
26.03.2019 02:30","
26.03.2019 03:00","
26.03.2019 03:00","
26.03.2019 03:00","
26.03.2019 04:00","
26.03.2019 05:30","
27.03.2019 02:00","
27.03.2019 02:00","
27.03.2019 02:30","
27.03.2019 02:30","
27.03.2019 04:00","
27.03.2019 05:00","
27.03.2019 05:00","
28.03.2019 02:00","
28.03.2019 02:30","
28.03.2019 04:30","
28.03.2019 05:00","
29.03.2019 02:00","
29.03.2019 02:00","
29.03.2019 02:00","
29.03.2019 02:30","
29.03.2019 03:00","
29.03.2019 04:00","
29.03.2019 05:00","
29.03.2019 05:30","
30.03.2019 02:00","
30.03.2019 02:00","
30.03.2019 02:30","
30.03.2019 04:00","
30.03.2019 04:00","
30.03.2019 05:00","
30.03.2019 20:00","
31.03.2019 02:00","
31.03.2019 02:00","
31.03.2019 02:00","
31.03.2019 02:00","
31.03.2019 02:00","
31.03.2019 02:00","
31.03.2019 03:00","
31.03.2019 04:00","
31.03.2019 05:00","
31.03.2019 05:00","
31.03.2019 05:30","
31.03.2019 19:30","
01.04.2019 00:00","
01.04.2019 00:00","
01.04.2019 01:00","
01.04.2019 02:30","
01.04.2019 03:00","
02.04.2019 02:00","
02.04.2019 02:00","
02.04.2019 02:00","
02.04.2019 02:30","
02.04.2019 03:00","
02.04.2019 03:30","
02.04.2019 05:00","
02.04.2019 05:00","
03.04.2019 02:00","
03.04.2019 02:00","
03.04.2019 02:30","
03.04.2019 02:30","
03.04.2019 02:30","
03.04.2019 03:00","
03.04.2019 03:30","
03.04.2019 04:00","
03.04.2019 05:00","
03.04.2019 05:00","
04.04.2019 02:30","
04.04.2019 03:00","
04.04.2019 05:30","
05.04.2019 02:00","
05.04.2019 02:00","
05.04.2019 02:00","
05.04.2019 02:00","
05.04.2019 02:00","
05.04.2019 02:00","
05.04.2019 03:00","
05.04.2019 03:00","
05.04.2019 03:00","
05.04.2019 04:00","
05.04.2019 04:00","
05.04.2019 05:00","
06.04.2019 02:00","
06.04.2019 03:30","
06.04.2019 05:00","
06.04.2019 19:30","
06.04.2019 23:00","
07.04.2019 02:00","
07.04.2019 02:00","
07.04.2019 02:00","
07.04.2019 02:00","
07.04.2019 02:00","
07.04.2019 02:00","
07.04.2019 02:00","
07.04.2019 03:00","
07.04.2019 03:00","
07.04.2019 05:00","
07.04.2019 05:00","
07.04.2019 05:30","
07.04.2019 05:30"
Торонто,Вашингтон,Ванкувер,Сан-Хосе,Баффало,Питтсбург,Каролина,Детройт,Оттава,Рейнджерс,Сент-Луис,Даллас,Колорадо,Вегас,Коламбус,Лос-Анджелес,Нью-Джерси,Даллас,Тампа-Бэй,Баффало,Айлендерс,Торонто,Питтсбург,Сент-Луис,Миннесота,Аризона,Колорадо,Калгари,Каролина,Чикаго,Лос-Анджелес,Бостон,Айлендерс,Баффало,Анахайм,Каролина,Филадельфия,Коламбус,Виннипег,Нэшвилл,Даллас,Оттава,Вашингтон,Анахайм,Питтсбург,Рейнджерс,Флорида,Нью-Джерси,Бостон,Баффало,Тампа-Бэй,Монреаль,Детройт,Миннесота,Нэшвилл,Сент-Луис,Рейнджерс,Филадельфия,Оттава,Бостон,Миннесота,Тампа-Бэй,Монреаль,Вашингтон,Флорида,Нэшвилл,Даллас,Чикаго,Аризона,Колорадо,Нью-Джерси,Виннипег,Сент-Луис,Оттава,Торонто,Монреаль,Нэшвилл,Нью-Джерси,Питтсбург,Рейнджерс,Филадельфия,Тампа-Бэй,Миннесота,Виннипег,Вегас,Вашингтон,Монреаль,Калгари,Анахайм,Торонто,Нью-Джерси,Коламбус,Тампа-Бэй,Виннипег,Чикаго,Эдмонтон,Лос-Анджелес,Сан-Хосе,Вашингтон,Даллас,Калгари,Филадельфия,Каролина,Лос-Анджелес,Виннипег,Торонто,Оттава,Флорида,Коламбус,Миннесота,Эдмонтон,Вегас,Ванкувер,Сан-Хосе,Рейнджерс,Чикаго,Анахайм,Филадельфия,Детройт,Виннипег,Ванкувер,Коламбус,Рейнджерс,Монреаль,Оттава,Нэшвилл,Чикаго,Даллас,Эдмонтон,Виннипег,Айлендерс,Колорадо,Вегас,Бостон,Баффало,Нью-Джерси,Миннесота,Сент-Луис,Чикаго,Даллас,Эдмонтон,Калгари,Аризона,Вегас,Детройт,Каролина,Колорадо,Нью-Джерси,Филадельфия,Нэшвилл,Калгари,Торонто,Коламбус,Бостон,Миннесота,Сент-Луис,Аризона,Ванкувер,Лос-Анджелес,Каролина,Детройт,Чикаго,Анахайм,Вегас,Торонто,Ванкувер,Баффало,Питтсбург,Каролина,Коламбус,Тампа-Бэй,Монреаль,Нэшвилл,Эдмонтон,Аризона,Анахайм,Сан-Хосе,Ванкувер,Флорида,Айлендерс,Торонто,Тампа-Бэй,Детройт,Оттава,Монреаль,Сент-Луис,Эдмонтон,Калгари,Анахайм,Лос-Анджелес,Сан-Хосе,Виннипег,Ванкувер,Аризона,Баффало,Питтсбург,Вашингтон,Детройт,Монреаль,Айлендерс,Нэшвилл,Сент-Луис,Калгари,Вегас,Сан-Хосе,Лос-Анджелес,Оттава,Рейнджерс,Анахайм,Питтсбург,Бостон,Вашингтон,Айлендерс,Аризона,Торонто,Рейнджерс,Коламбус,Детройт,Оттава,Тампа-Бэй,Сент-Луис,Лос-Анджелес,Сан-Хосе,Вашингтон,Колорадо,Анахайм,Филадельфия,Флорида,Бостон,Тампа-Бэй,Оттава,Монреаль,Чикаго,Даллас,Лос-Анджелес,Вашингтон,Торонто,Детройт,Виннипег,Сент-Луис,Анахайм,Филадельфия,Баффало,Даллас,Коламбус,Монреаль,Питтсбург,Бостон,Флорида,Каролина,Тампа-Бэй,Лос-Анджелес,Сент-Луис,Вашингтон,Флорида,Виннипег,Бостон,Сан-Хосе,Эдмонтон,Каролина,Рейнджерс,Даллас,Анахайм,Айлендерс,Филадельфия,Нью-Джерси,Детройт,Баффало,Миннесота,Эдмонтон,Лос-Анджелес,Сан-Хосе,Чикаго,Виннипег,Колорадо,Вегас,Коламбус,Питтсбург,Айлендерс,Филадельфия,Оттава,Миннесота,Аризона,Калгари,Сан-Хосе,Даллас,Виннипег,Чикаго,Колорадо,Вегас,Анахайм,Нью-Джерси,Филадельфия,Миннесота,Ванкувер,Оттава,Рейнджерс,Каролина,Нэшвилл,Аризона,Калгари,Сан-Хосе,Айлендерс,Каролина,Чикаго,Эдмонтон,Анахайм,Торонто,Рейнджерс,Питтсбург,Оттава,Монреаль,Нэшвилл,Сент-Луис,Калгари,Ванкувер,Сан-Хосе,Питтсбург,Рейнджерс,Нью-Джерси,Каролина,Вашингтон,Детройт,Баффало,Тампа-Бэй,Миннесота,Нэшвилл,Аризона,Анахайм,Калгари,Лос-Анджелес,Филадельфия,Баффало,Вашингтон,Миннесота,Нью-Джерси,Анахайм,Вегас,Коламбус,Тампа-Бэй,Каролина,Бостон,Аризона,Сент-Луис,Даллас,Сан-Хосе,Рейнджерс,Торонто,Айлендерс,Питтсбург,Детройт,Монреаль,Сент-Луис,Флорида,Колорадо,Лос-Анджелес,Вегас,Аризона,Тампа-Бэй,Нэшвилл,Лос-Анджелес,Рейнджерс,Айлендерс,Торонто,Флорида,Детройт,Баффало,Филадельфия,Тампа-Бэй,Монреаль,Виннипег,Чикаго,Миннесота,Нэшвилл,Эдмонтон,Ванкувер,Детройт,Флорида,Торонто,Калгари,Колорадо,Коламбус,Оттава,Тампа-Бэй,Нэшвилл,Виннипег,Бостон,Эдмонтон,Ванкувер,Флорида,Вашингтон,Каролина,Колорадо,Калгари,Оттава,Ванкувер,Бостон,Нью-Джерси,Питтсбург,Миннесота,Флорида,Айлендерс,Монреаль,Аризона,Нэшвилл,Эдмонтон,Вашингтон,Рейнджерс,Чикаго,Детройт,Монреаль,Лос-Анджелес,Нью-Джерси,Нэшвилл,Даллас,Айлендерс,Флорида,Питтсбург,Коламбус,Детройт,Баффало,Монреаль,Ванкувер,Вегас,Лос-Анджелес,Сент-Луис,Сан-Хосе,Анахайм,Флорида,Питтсбург,Филадельфия,Торонто,Оттава,Тампа-Бэй,Калгари,Аризона,Ванкувер,Вегас,Лос-Анджелес,Виннипег,Даллас,Эдмонтон,Анахайм,Баффало,Лос-Анджелес,Тампа-Бэй,Бостон,Детройт,Коламбус,Оттава,Флорида,Аризона,Калгари,Сент-Луис,Виннипег,Оттава,Чикаго,Анахайм,Эдмонтон,Вегас,Айлендерс,Тампа-Бэй,Детройт,Сан-Хосе,Коламбус,Бостон,Каролина,Баффало,Вашингтон,Миннесота,Виннипег,Нэшвилл,Сент-Луис,Колорадо,Айлендерс,Чикаго,Калгари,Анахайм,Коламбус,Баффало,Тампа-Бэй,Монреаль,Миннесота,Виннипег,Нэшвилл,Сан-Хосе,Рейнджерс,Нью-Джерси,Питтсбург,Детройт,Каролина,Сент-Луис,Чикаго,Эдмонтон,Миннесота,Монреаль,Питтсбург,Вашингтон,Айлендерс,Флорида,Коламбус,Нэшвилл,Колорадо,Ванкувер,Рейнджерс,Каролина,Сент-Луис,Бостон,Виннипег,Чикаго,Ванкувер,Коламбус,Питтсбург,Оттава,Монреаль,Колорадо,Баффало,Рейнджерс,Нью-Джерси,Филадельфия,Миннесота,Чикаго,Даллас,Аризона,Эдмонтон,Ванкувер,Лос-Анджелес,Вашингтон,Колорадо,Бостон,Торонто,Филадельфия,Питтсбург,Каролина,Коламбус,Даллас,Калгари,Аризона,Ванкувер,Вегас,Сан-Хосе,Вашингтон,Нью-Джерси,Колорадо,Филадельфия,Бостон,Детройт,Сан-Хосе,Калгари,Вегас,Оттава,Каролина,Торонто,Баффало,Аризона,Миннесота,Ванкувер,Эдмонтон,Нью-Джерси,Каролина,Чикаго,Рейнджерс,Торонто,Вегас,Даллас,Сан-Хосе,Бостон,Рейнджерс,Вашингтон,Питтсбург,Тампа-Бэй,Виннипег,Нэшвилл,Сент-Луис,Чикаго,Эдмонтон,Вегас,Сан-Хосе,Лос-Анджелес,Коламбус,Айлендерс,Флорида,Нью-Джерси,Виннипег,Лос-Анджелес,Эдмонтон,Оттава,Флорида,Баффало,Торонто,Тампа-Бэй,Сент-Луис,Даллас,Нэшвилл,Колорадо,Анахайм,Калгари,Аризона,Вашингтон,Нью-Джерси,Баффало,Миннесота,Каролина,Коламбус,Сент-Луис,Детройт,Колорадо,Анахайм,Даллас,Эдмонтон,Калгари,Чикаго,Нэшвилл,Вегас,Детройт,Рейнджерс,Оттава,Даллас,Аризона,Колорадо,Торонто,Филадельфия,Бостон,Баффало,Монреаль,Айлендерс,Сент-Луис,Лос-Анджелес,Питтсбург,Каролина,Детройт,Даллас,Аризона,Колорадо,Анахайм,Оттава,Филадельфия,Бостон,Торонто,Флорида,Монреаль,Сент-Луис,Лос-Анджелес,Сан-Хосе,Оттава,Вегас,Аризона,Виннипег,Детройт,Питтсбург,Анахайм,Торонто,Филадельфия,Монреаль,Чикаго,Сан-Хосе,Айлендерс,Бостон,Баффало,Питтсбург,Вашингтон,Тампа-Бэй,Детройт,Виннипег,Сент-Луис,Вегас,Сан-Хосе,Чикаго,Калгари,Анахайм,Нью-Джерси,Филадельфия,Бостон,Рейнджерс,Коламбус,Тампа-Бэй,Миннесота,Сент-Луис,Эдмонтон,Вегас,Ванкувер,Лос-Анджелес,Каролина,Виннипег,Калгари,Анахайм,Айлендерс,Нью-Джерси,Монреаль,Баффало,Вашингтон,Торонто,Миннесота,Чикаго,Даллас,Эдмонтон,Сан-Хосе,Лос-Анджелес,Каролина,Виннипег,Коламбус,Айлендерс,Ванкувер,Калгари,Вашингтон,Нью-Джерси,Торонто,Филадельфия,Бостон,Эдмонтон,Коламбус,Айлендерс,Рейнджерс,Детройт,Монреаль,Виннипег,Нэшвилл,Миннесота,Даллас,Сан-Хосе,Оттава,Филадельфия,Калгари,Аризона,Ванкувер,Рейнджерс,Айлендерс,Бостон,Тампа-Бэй,Нэшвилл,Миннесота,Даллас,Коламбус,Флорида,Каролина,Вашингтон,Аризона,Калгари,Ванкувер,Нью-Джерси,Колорадо,Тампа-Бэй,Сент-Луис,Монреаль,Даллас,Бостон,Нэшвилл,Миннесота,Вегас,Эдмонтон,Чикаго,Айлендерс,Ванкувер,Торонто,Эдмонтон,Колорадо,Лос-Анджелес,Вегас,Флорида,Вашингтон,Оттава,Чикаго,Эдмонтон,Калгари,Монреаль,Торонто,Колорадо,Анахайм,Вегас,Ванкувер,Филадельфия,Питтсбург,Бостон,Коламбус,Рейнджерс,Питтсбург,Даллас,Бостон,Нью-Джерси,Виннипег,Баффало,Флорида,Питтсбург,Вашингтон,Айлендерс,Каролина,Детройт,Даллас,Филадельфия,Монреаль,Коламбус,Айлендерс,Флорида,Оттава,Виннипег,Торонто,Нэшвилл,Рейнджерс,Миннесота,Колорадо,Сан-Хосе,Вашингтон,Каролина,Монреаль,Рейнджерс,Торонто,Филадельфия,Даллас,Бостон,Питтсбург,Флорида,Нью-Джерси,Вашингтон,Баффало,Монреаль,Тампа-Бэй,Нэшвилл,Виннипег,Колорадо,Эдмонтон,Торонто,Рейнджерс,Вашингтон,Филадельфия,Баффало,Нью-Джерси,Флорида,Монреаль,Детройт,Тампа-Бэй,Оттава,Миннесота,Нэшвилл,Чикаго,Аризона,Калгари,Рейнджерс,Филадельфия,Айлендерс,Нью-Джерси,Баффало,Бостон,Оттава,Сент-Луис,Аризона,Вашингтон,Тампа-Бэй,Монреаль,Эдмонтон,Вегас,Ванкувер,Нэшвилл,Баффало,Бостон,Чикаго,Айлендерс,Нью-Джерси,Флорида,Рейнджерс,Филадельфия,Вашингтон,Ванкувер,Бостон,Баффало,Флорида,Коламбус,Оттава,Тампа-Бэй,Сент-Луис,Нэшвилл,Миннесота,Виннипег,Колорадо,Вегас,Питтсбург,Анахайм,Коламбус,Флорида,Тампа-Бэй,Детройт,Нэшвилл,Виннипег,Чикаго,Аризона,Вегас,Сан-Хосе,Лос-Анджелес,Баффало,Каролина,Миннесота,Анахайм,Филадельфия,Питтсбург,Колорадо,Аризона,Виннипег,Тампа-Бэй,Айлендерс,Каролина,Чикаго,Сан-Хосе,Вегас,Лос-Анджелес,Питтсбург,Миннесота,Детройт,Нью-Джерси,Флорида,Анахайм,Калгари,Коламбус,Чикаго,Колорадо,Сан-Хосе,Лос-Анджелес,Каролина,Флорида,Нью-Джерси,Филадельфия,Монреаль,Миннесота,Сент-Луис,Даллас,Эдмонтон,Детройт,Колорадо,Калгари,Вегас,Питтсбург,Рейнджерс,Торонто,Флорида,Нью-Джерси,Монреаль,Тампа-Бэй,Нэшвилл,Даллас,Эдмонтон,Ванкувер,Оттава,Чикаго,Детройт,Калгари,Вегас,Баффало,Рейнджерс,Сент-Луис,Даллас,Флорида,Коламбус,Нэшвилл,Торонто,Филадельфия,Ванкувер,Эдмонтон,Вашингтон,Чикаго,Детройт,Миннесота,Оттава,Аризона,Торонто,Нью-Джерси,Тампа-Бэй,Нэшвилл,Колорадо,Ванкувер,Бостон,Айлендерс,Филадельфия,Вашингтон,Коламбус,Каролина,Детройт,Сент-Луис,Виннипег,Аризона,Вегас,Торонто,Нью-Джерси,Рейнджерс,Колорадо,Анахайм,Коламбус,Бостон,Айлендерс,Оттава,Аризона,Вегас,Лос-Анджелес,Рейнджерс,Баффало,Нью-Джерси,Айлендерс,Каролина,Виннипег,Анахайм,Сан-Хосе,Коламбус,Лос-Анджелес,Бостон,Торонто,Монреаль,Тампа-Бэй,Флорида,Аризона,Сент-Луис,Калгари,Рейнджерс,Айлендерс,Вегас,Анахайм,Флорида,Коламбус,Миннесота,Сан-Хосе,Баффало,Калгари,Бостон,Нью-Джерси,Айлендерс,Питтсбург,Тампа-Бэй,Нэшвилл,Даллас,Колорадо,Аризона,Лос-Анджелес,Филадельфия,Ванкувер,Анахайм,Вегас,Бостон,Питтсбург,Оттава,Детройт,Тампа-Бэй,Чикаго,Даллас,Эдмонтон,Аризона,Лос-Анджелес,Сан-Хосе,Флорида,Вашингтон,Каролина,Анахайм,Колорадо,Сан-Хосе,Бостон,Тампа-Бэй,Айлендерс,Рейнджерс,Эдмонтон,Коламбус,Аризона,Нэшвилл,Даллас,Ванкувер,Флорида,Вашингтон,Питтсбург,Калгари,Анахайм,Торонто,Айлендерс,Филадельфия,Миннесота,Чикаго,Колорадо,Эдмонтон,Баффало,Питтсбург,Коламбус,Монреаль,Сент-Луис,Виннипег,Калгари,Анахайм,Торонто,Эдмонтон,Ванкувер,Баффало,Айлендерс,Филадельфия,Оттава,Детройт,Миннесота,Виннипег,Аризона,Лос-Анджелес,Сан-Хосе,Торонто,Коламбус,Даллас,Колорадо,Калгари,Ванкувер,Питтсбург,Детройт,Лос-Анджелес,Виннипег,Бостон,Монреаль,Оттава,Тампа-Бэй,Каролина,Миннесота,Аризона,Сан-Хосе,Колорадо,Баффало,Миннесота,Даллас,Питтсбург,Анахайм,Вегас,Тампа-Бэй,Чикаго,Лос-Анджелес,Сан-Хосе,Нью-Джерси,Айлендерс,Рейнджерс,Филадельфия,Каролина,Сент-Луис,Нэшвилл,Миннесота,Даллас,Калгари,Баффало,Вашингтон,Ванкувер,Анахайм,Каролина,Флорида,Нью-Джерси,Монреаль,Сент-Луис,Нэшвилл,Чикаго,Даллас,Эдмонтон,Калгари,Вегас,Лос-Анджелес,Вашингтон,Анахайм,Нью-Джерси,Филадельфия,Колорадо,Эдмонтон,Виннипег,Торонто,Монреаль,Флорида,Каролина,Сент-Луис,Даллас,Ванкувер,Вегас,Лос-Анджелес,Вашингтон,Айлендерс,Каролина,Чикаго,Ванкувер,Торонто,Нью-Джерси,Рейнджерс,Тампа-Бэй,Сент-Луис,Миннесота,Виннипег,Калгари,Сан-Хосе,Вашингтон,Коламбус,Монреаль,Оттава,Эдмонтон,Аризона,Ванкувер,Филадельфия,Бостон,Калгари,Колорадо,Баффало,Каролина,Коламбус,Оттава,Виннипег,Эдмонтон,Ванкувер,Сан-Хосе,Рейнджерс,Питтсбург,Детройт,Калгари,Колорадо,Вегас,Каролина,Тампа-Бэй,Нью-Джерси,Айлендерс,Виннипег,Бостон,Оттава,Нэшвилл,Сан-Хосе,Ванкувер,Эдмонтон,Лос-Анджелес,Филадельфия,Аризона,Питтсбург,Баффало,Детройт,Сан-Хосе,Флорида,Нью-Джерси,Айлендерс,Оттава,Сент-Луис,Чикаго,Вегас,Лос-Анджелес,Баффало,Коламбус,Детройт,Торонто,Монреаль,Миннесота,Даллас,Колорадо,Ванкувер,Аризона,Рейнджерс,Чикаго,Анахайм,Вашингтон,Каролина,Торонто,Баффало,Флорида,Питтсбург,Сент-Луис,Нэшвилл,Миннесота,Колорадо,Эдмонтон,Вегас,Рейнджерс,Чикаго,Анахайм,Бостон,Сент-Луис,Монреаль,Флорида,Филадельфия,Питтсбург,Вашингтон,Оттава,Детройт,Нэшвилл,Даллас,Аризона,Калгари,Лос-Анджелес,Сан-Хосе
12 38 61,1 2 24 26 27 35 50,13 41 42 45 59,7 37,,1 7 21 35 36 42 61,58,27 36,6 12 16,27 59,54,24 24 25,12 30 58 59,6 48,12,17 21,1 22 23 45 58,8 11 27 47 52,50 -1,13 21 59,12 22 39,21 22 38,37,14 17 43 44,9,,1 12 27 56 58,1 17 29 49 54 58 59,9 14 29 39 45 50 51 59,9 12 25 42 58 59,24 36 49 59,1 17 27 44 56 58,34 45 53 59,14 24 28 29,30 48 -1,1 11 17 21 53,24 58,6 10 45 51 58,10 30,,17 29 38 42,8 21 31 57,19 30 45 50 58,5 34,8 29 35 36,13 57 61,19 26 28 39,7 18 22 45 51 54,9 14 15 59,37,16,,7 50 53,33 39 59 63,23 47 54,7 9 17 24 39,12,,6 11 16 30 51,19 24 31 36 42 50 55 59,16 41 45 55,1 11 18 39 41 47 53 59,21 27 28 -1,1 24,32 37,15 16 19 44 59,31 33 34 37 58,11 16 53 64,,1 2,27 41 43,44 57 59,31 35,39 41 50 58,1 19 28 47,7 16 19 23 24 35 58,6 23 32 59,3 22 36,6 56,12 30 -1,21 25 28 35 37 -1,12 26 47 58,23 46,4 7 13 21,18 22 50 59,14 23 37 62,1 27 59,5 15 16 23 59,19 28 41 59,,17 35 46,17 21 24 28 55 57,7 35 58,18 44 52 54,26,33 47 61,14 42,3 4 44 51 58,15 21 28 33 58,41,18 32 42,10 38 56 58 59,57,52,19 34 37 45 59,44,7 29 32 62,7 16 58,12,13 23 50 53 63,,19 29 59,3 63,7 24 33 44,46,11 55 56,16 33,43,52,12 41 43 58 62,27 41,1,23 31 36 41 59,35 37 39,37,11 21 30 39,5 47 59,5 28 34 44,21 23 35 42 44,44 46,18 31,,21 37,33 37 59,31 37 53 58,2 19 33,15 34 59 59,4 12 31 52,2 30 55 58,4 11 24 31 38,16 30 49 58,58,21 43 52 58,5 41,15,21 30 35 -1,30 34 41 46 48 55,19 23 33,26,38 44 55,14 16 58,46 56 57,8 21 36 37 61,,27 50 57,1 5 21 25 55 58 59,6 8 12 28 31 48 52,,31 33 50 59,21,24 44 49 59,11,4 36 48,35 38 48 62,56,7 25 26 46 59,16,14 17 41,17 38,42 49 51,7 13 21 26 28 43 45 45,42,31 32 46 57,8 24 33,4 6 15 28 50,21 57,3 48 59,15 32 49 56,24 37,34 50 -1,56,34,7 44 52 59,6 21 34 59,2 21 23 56 59 59,2 23 26 34 51,21 39 46 50,26 41 45 50 53 54,32 59,30 38,11,8 17,1 25 28 37 50 59 64,13 15 16 61,5 6 14 25 25 27 27 45 53,,21 32 47,14 39 58,1,7 55 59,14,11,4 38 53 55 59,14 22 43,3 30 55 61,12 30 47 48,4 14 55,21 21 58,29 38 61,9,5 64,2 5 28 33,4 7 14,21 54,5 21 59,15 37 48 57 58,19 31 37 58,33 41 -1,12 12 22 27 37 50 58,4 19 33 38 48,11 14 19 56,6 13 24 57,4 25 37 47,27 58,27,8 11 46,1 5 42 57 61,26 28 43 59,13 21 29 37 53,25 31 58 59,37 46 48,9 14 16 30 38,24 30 43,8 26 27 54,4,27,12 21 25 35 37 52,41 57 64,10 13 45 50 58,14 25 33 52,36,14 29 44 58,4 57 58 -1,13 26 34 48,19 31 32 36,26 27 29 49 52,26 28 39 47,16 25 30 54 54,6 39 44 59,16 28 37,8 21 29 34,,19 29,32,23 26 34 36 38,3 3 22 27 32,2 17 21 56,1 21 59,49,34 35 61,32 51,38,39 -1,5 5 14 43 57,43,1 28 48 59,10 12 17 31 41 47,17 25,31 54,3 16 23 45 52 58,14,5 7 16 53 53,24,25 52 59,10 28 42 49 55 59,17 21 27 29 45,21 23 26 44 48 52 54,10 13 24,9 10 22 25 34 49 59,,19 27,5 7 21 27 33 45,7 24,23 35,5 12 18,61,27,42,1 57,6,38,11 35,34 50 51 55 56,4 7,36 50,14 17 18 36 37 49,3 11 22 47,26,23 28 45 51 59,29,36 42 49 59,23 26 27 51,3 41,1 1,8 17 59,1 16 43,4 23 24,33 37 55 58,29 44,8 16 21 25,1 21 24 46 49,9 21 21 21,15 26 30,,2 6 10 13 16 21 24,8 31 36,1 10 39,3 6 10 23 28,1 3 8 37 56,6 16 28 30 33,10 11 47 58 59,1 6 29 47,29 48 61,3 5 8 19 58,1 9 22 24 41 43 54,16 19 26 36 54 59,6 33 47 54,19 53,10 27 47 50,2 8 11 14 19 58,15 53 55,13 54 57 58,12 57 63,32 46 48,43 51 57 58,31 42 59,59 61,36 42,3 9 36 43,1 7 10 14,19 47 48 58,33 61,53,9 13 15 21 31 54,10 32 38 44 46 57,10 19 43 49,9 29 45,4 6 7 12 31 37,3 9 33 48,5 7 16 35,21 53,46 50,13 17 47 54,5 13 28 31,33 57 58,27 36,1 4 9 16 23 45,53,3 7 9 11 28,11 25 38 42 58,7 24 44 59 59,10 43 48 58,1,17 33 38 58,27 31 58 61,21 28 37 41 57,34 44 61,4 23 26,38,49,7 21 36,21 31 55,5 22 31,11 29,62,56,24 27 31 53,23 29,3 11 19 21 50,16 49 50,11 25 27 50 59 59,13 21 24 31,2 14 37,2 10 15 44 54,,1 3 21 21 41 49,32 -1,1 9 57,9 42 48,18 51 62,3 21 45 50 58 59,18,21 42,1 47 59 59,27 32 33 44 54 59,15,19 45,6 55 58,1 25,19 25 49,10 10 22 28,31 35 47,3 19 22 25 50,12 21 22 28 37 54,2 3 4 13 57,6 45,1 6 13 24 33,17 32 38,11 35,,32,57 59,31,16 36,10 41 47 57,41,24 33 35 39 54,2 6 7 46 47 48,9 15 19 21 35 48,16 17 33 36 44,34 42 52,14 34 37 38 44,7 29,2 42 42 58 59,54,6 13,3 10 28 35 55,5 6 44 58,17 26,8 19 27 32 37 53,5 52 54,4 42 48 51,7 38,14 42 44,21 41,4 26,7 19 28 38 41,1 8 47 48,15 26 37,,34 44 46,4 7 8 41 50 53 57,11,4 12,8 32 36 42 58,3 13 16 22 27 30 43,11 28 37 41 44 46,4 13,,4 61,21 24 38 50,26 30 45,1 36 46 52 57,48,11 14 27 34 35 41 48,12,19 32,2 2 13 48 53 -1,12,16 31 38 59,26,14 26 32 50 50 59,6 26 38,15 18 27 34 54,1 49,28 29 31 33,32,13 43 47 61,3 10 12 29 30 49,14 31 32 34 39 41 46,7 9 13 21 51 59,15 29 41,41 41 51 56,36 41 56 58,3 31,14 17 35 43 58 59,9 25 30 58 59 61,6 36 50 52 53 59,5 10 36 36,1 6 46,8 25 39 39,33 36 41 44 52 58,15 31 35 41 43,15 16 21 49 61,5 8 31 63,36 42 47,4 17 25,22 30 46 54 61,17 21 39 50 59,18 32,1 13 24 26 53,3 19 51 62,19 33 59,12 32 34 59,23,3 42 50 53 57,6 13 28 63,3 9 33 -1,11 51 53 -1,19 28 56 63,12,18 -1,5 7 19 34 56 58,4 8 11 32 55,1 32 43,29 33 44,22 38,25 53,19 28 39 54 64,2 3 12,31 34 43 58,41,9 14,2 5 19 61,,26,3 31,49 59 59,18 54,18 28 35,,35 37,12 37,9,27,9 45,13 29 38 59,26,24 41,28 38 45,18 23 31 42 45 55,5 28,13 48,21,4 21,28 46,4 7 12 57,26,25 26 42 51 55,28 46 47 59,1 11 39,22 53,2 10 24 25 38,22,19 27 58,15 41 51 54 58,30,50 59,16,16 24 33,,,2 41 45 52 59,16 51 58,8 19 22 28 56 59,57,,10 22 46,,12 21 27 31 47,13 24 49,10 45,1 32 34 59 61,10 30 46,26,15 44 53,35 57,13 21 52,23 38 59,27 28 38 45 57,13 19 32 34 39 61,37,,22 30 30 53,4 21 23 52 59,10 27,11 50,18 25 50 59,18 41,4 58,23 37 42 44 52 59,8 13 58,39 59,47,19,6 50 56 59,24 56,53 58,4 25,,14 17 27 28 49 58,34,25 31 34 41 42,8 24 30,17 38,1 13 21 32,14 28,36,4 8 28,12 18 41 43,50,5 55,10 21 22,29 43 51 57 59 59,10,5 17 18,41 58,17,23 36,14 38 47,1 10 17 30 39 43 45 46,8 31,22 32 46 51,43 59,13 17 38,32 41,32 50 59,12 23 26 32 46,12,8 36 52 56,1 5 28,46 47 50,9 14 21 41 53 58,4 7 41 56,11 28,6 38 61,4 32 36 45 51,27 57,14 14 34 56,5 6 26 59,24 33 51 64,13 63,16 29,4 6 32 45 47 53,21 22,19 28 50,12 45,10 22,8 14 44 51 54,13 18 57,32,4 16 58,3 9 13 50,9 10 24 45 52,22 32 39 39,12 31 35,7 9 26 35 36,22 38 41 56 59,14 26,2 4 29,,,,,16 25 59,17 29 59,13 44 59,5 11 19 26,21 24 30 36 37,1 3 23 28 53,4 29 31 35 59,15 16 46 48,26 44,3 13 23 26 43 51 58,26,16 27 38 58,6 12 15 26 35 41 50,17 39 57,5 10 32 49 59,8,36 36,21 28,34 44,1 21 48,6 53 53 61,51 56 59,5 31 37,1 16 26 49,9 39 59 -1,1 42,22 39 55,23,10 24 25 32,1 19 24 59,30 35 48 58,1 7 12 34,28,6 25 41,48 50 58,5 19 45,58,27 29,17 21,4 15 27,48,6 36,37 46 55 58,10 28 36 41 59,15 18 23 28 30 56,19 22 54 64,5 8 34 37 39 45 58,1 4 4 31 59,32 47 57 59 59,16 17 21 37 44 46 47,7,13 25 28 30 34 37 48 59,22 23 46,12 18 24 35 39 50 58,14 59,2 3 4 21 24 43 45,1 2 17 21,8 61,1 12 14 23 44 52,45 55 57,21 30 36 54 58,25 36 58 59,3 10 21 32 34 39 47,30 47 -1,,12 14 23 42 59,22 23 29 47 58,12 25 26 55,19 46 51,2 4 25 27 58 59,8 29,13 17 33 59,5 9 15 57,23 36 45 53 59,9 33,31,,58,45,9 14 58,31,,12 54,27 34 47 54 56 59,12 15 28 45,6 59,9 21 22 27 28 34 35,3 17 27 32 45 54,7 37 52,47 56,7 21 33 58,17 43,42 43,16 17,6 15 16 32 36 53 59,39 44,6 7 14 22 43 47 54 58,4 9 39,10 47 53,11 43,19 39 41 47,36,19 27 38 49,3 32,17 26 42 42 47 59,10 12 15 22 25 45,21 47,26 39 -1,44 57,1 26 61,9 44,19 33 36 42 50 59,5 12,6,8,22 25,29 38 56,24 52 58,9 18 51,3 21 36 39,,3 8 8 26,8,3 25,5 16 45,4 33 48 58,38 43 47,35,3 17 31 48 57,3 19 21 59,,11 21 38 43 59,28 53 62,23 52 59,3 36 44 51 62,5 36,46 57,6 53 57 58,1 46 58,,2 5 12 15 16 17 34 39 41,17 29 36,9,36 46,8 48 56,31,32 32 63,,4 38 59,2 21 53 61,8 21 49,23 33 39 43 46 54,18 23,23 42 43 43 52,22 46 59,,18 41,23,3 45 52,4 27 31 46 -1,7 9 16 42,6 34,22 27 33 53 57,3 21,11 18 34,16 18,7 34 36 38 49,17 49 52 -1,6 28 40 64,27 59,28 35 45 55 59,5,5 37 64,7 20 44 51 54,11 44 59,,7 38 46 59,42,17 48 60,17 18 34 63,24 26,4 37,,,,,,,,,,,,,,,,,,,,,,,,,,,,,,,,,,,,,,,,,,,,,,,,,,,,,,,,,,,,,,,,,,,,,,,,,,,,,,,,,,,,,,,,,,,,,,,,,,,,,,,,,,,,,,,,,,,,,,,,,,,,,,,,,,,,,,,,,,,,,,,,,,,,,,,,,,,,,,,,,,,,,,,,,,,,,,,,,,,,,,,,,,,,,,,,,,,,,,,,,,,,,,,,,,,,,,,,,,,,,,,,,,,,,,,,,,,,,,,,,,,,,,,,,,,,,,,,,,,,,,,,,,,,,,,,,,,,,,,,,,,,,,,,,,,,,,,,,,,,,,,,,,,,,,,,,,,,,,,,,,,,,,,,,,,,,,,,,,,,,,,,,,,,,,,,,,,,,,,,,,,,,,,,,,,,,,,,,,,,,,,,,,,,,,,,,,,,,,,,,,,,,,,,,,,,,,,,,,,,,,,,,,,,,,,,,,,
от 3 : 2,7 : 0,5 : 2,2 : 5,0 : 4,от 7 : 6,1 : 2 от,2 : 3 от,3 : 4 от,2 : 3,1 : 5,3 : 0,4 : 1,2 : 5,1 : 3,2 : 3 от,5 : 2,5 : 1,б 2 : 1,3 : 1,3 : 4,3 : 5,1 : 5,4 : 5 от,1 : 2 б,0 : 1,5 : 2,7 : 4,8 : 5,6 : 7 от,4 : 2,6 : 3,4 : 0,4 : 2,б 3 : 2,5 : 3,2 : 8,5 : 2,2 : 1,0 : 3,4 : 7,4 : 7,5 : 2,2 : 3 б,4 : 2,от 3 : 2,4 : 5,6 : 0,4 : 1,1 : 6,1 : 4,0 : 3,3 : 5,от 4 : 3,3 : 0,5 : 3,1 : 2,0 : 1,5 : 1,8 : 2,4 : 5 от,8 : 2,б 4 : 3,2 : 4,2 : 3,5 : 2,5 : 3,от 4 : 3,0 : 3,2 : 3 от,3 : 2,3 : 1,2 : 3,4 : 1,4 : 1,7 : 3,4 : 2,3 : 0,2 : 3 от,б 3 : 2,б 6 : 5,4 : 2,2 : 1,4 : 5 от,4 : 1,от 4 : 3,3 : 2,5 : 2,4 : 1,0 : 3,3 : 5,6 : 3,3 : 1,4 : 1,1 : 4,от 3 : 2,2 : 7,5 : 1,5 : 6 б,1 : 3,3 : 5,5 : 2,1 : 3,1 : 5,5 : 3,1 : 4,от 4 : 3,3 : 4 от,1 : 4,от 5 : 4,0 : 3,3 : 1,от 2 : 1,4 : 1,1 : 4,3 : 6,2 : 4,1 : 4,1 : 3,от 5 : 4,2 : 5,1 : 4,5 : 2,3 : 2,1 : 4,4 : 5,3 : 1,4 : 2,5 : 6 от,2 : 4,2 : 3 от,0 : 1,2 : 3 б,3 : 0,4 : 3,3 : 4 от,4 : 1,4 : 7,4 : 1,5 : 2,4 : 1,1 : 9,4 : 1,2 : 3,1 : 2,б 4 : 3,6 : 3,3 : 2,1 : 6,3 : 5,3 : 4 б,3 : 2,от 5 : 4,0 : 3,3 : 2,7 : 3,7 : 1,0 : 5,4 : 3,1 : 2,4 : 2,1 : 2 от,3 : 4 от,от 4 : 3,1 : 3,5 : 2,1 : 2 от,3 : 6,2 : 3,3 : 5,8 : 3,1 : 4,4 : 1,3 : 4,5 : 1,2 : 3,3 : 4 б,4 : 2,2 : 4,б 3 : 2,1 : 2,1 : 4,4 : 3,4 : 2,6 : 4,5 : 3,4 : 0,6 : 5,2 : 3 б,2 : 5,1 : 4,2 : 4,от 7 : 6,от 4 : 3,9 : 2,0 : 5,3 : 4 от,3 : 4,1 : 4,3 : 0,1 : 0,1 : 5,5 : 3,3 : 0,от 4 : 3,4 : 1,3 : 4 от,3 : 1,от 3 : 2,1 : 5,от 2 : 1,4 : 2,3 : 4 б,2 : 5,3 : 1,5 : 3,4 : 1,б 3 : 2,7 : 3,5 : 2,4 : 1,4 : 1,4 : 3,2 : 1,1 : 4,3 : 2,от 5 : 4,4 : 1,5 : 8,4 : 2,3 : 5,5 : 6 от,3 : 4,4 : 3,1 : 3,1 : 2,6 : 1,от 3 : 2,5 : 2,4 : 0,1 : 5,4 : 0,б 4 : 3,4 : 5 от,4 : 5 б,5 : 4,4 : 0,5 : 1,4 : 2,3 : 4 б,4 : 6,0 : 1,2 : 3,1 : 4,5 : 1,5 : 2,4 : 1,3 : 1,1 : 4,от 3 : 2,2 : 1,1 : 2,б 2 : 1,5 : 2,1 : 2,4 : 2,6 : 1,2 : 1,2 : 5,6 : 2,1 : 5,5 : 4,1 : 0,3 : 1,6 : 3,5 : 0,7 : 3,3 : 4,7 : 5,0 : 3,2 : 1,6 : 2,2 : 1,2 : 3,3 : 5,от 1 : 0,1 : 2 б,1 : 2 б,2 : 3 от,1 : 4,1 : 2 от,2 : 3 от,5 : 6 от,2 : 3,2 : 3,6 : 4,4 : 2,1 : 4,5 : 3,1 : 2,4 : 2,4 : 0,2 : 6,2 : 1,3 : 1,3 : 6,3 : 4 от,4 : 2,2 : 1,4 : 5 от,5 : 7,4 : 5 от,3 : 2,0 : 2,7 : 2,3 : 6,3 : 4 от,5 : 1,5 : 0,5 : 2,5 : 2,4 : 2,от 3 : 2,5 : 2,7 : 3,6 : 4,4 : 1,2 : 3 от,4 : 3,6 : 3,3 : 7,4 : 0,от 3 : 2,3 : 1,4 : 2,3 : 4 от,от 2 : 1,2 : 0,4 : 2,4 : 2,4 : 1,от 2 : 1,1 : 5,6 : 2,6 : 4,4 : 0,3 : 5,6 : 0,4 : 1,4 : 2,2 : 3 б,2 : 3,4 : 8,4 : 5 от,3 : 2,2 : 4,6 : 0,1 : 6,5 : 2,5 : 2,5 : 2,4 : 2,1 : 4,4 : 2,от 4 : 3,5 : 7,от 3 : 2,3 : 4,1 : 3,1 : 2,3 : 4,3 : 8,3 : 4,2 : 3,от 1 : 0,1 : 2 от,4 : 3,2 : 3,5 : 3,3 : 4 от,6 : 3,4 : 2,3 : 0,5 : 4,0 : 3,6 : 5,б 2 : 1,3 : 2,3 : 4,от 3 : 2,6 : 3,1 : 2 от,2 : 3 от,4 : 1,6 : 2,1 : 2,2 : 4,3 : 4 от,2 : 4,3 : 5,4 : 5 от,3 : 2,5 : 2,6 : 1,5 : 2,2 : 1,5 : 6,3 : 4 б,2 : 3,0 : 2,1 : 3,2 : 0,1 : 5,2 : 1,4 : 1,1 : 3,5 : 0,6 : 3,6 : 9,5 : 6 б,3 : 4 от,5 : 2,2 : 3,5 : 3,1 : 2,2 : 3 б,5 : 1,4 : 2,2 : 5,6 : 2,3 : 4 от,4 : 5 от,2 : 5,3 : 2,2 : 0,2 : 4,5 : 3,4 : 3,3 : 6,0 : 1,3 : 2,7 : 2,1 : 4,2 : 6,5 : 1,7 : 1,6 : 3,2 : 3,0 : 4,от 2 : 1,4 : 5 б,3 : 5,5 : 2,1 : 6,7 : 1,1 : 2 от,2 : 3,б 6 : 5,1 : 0,4 : 2,1 : 2 б,6 : 3,3 : 1,5 : 2,2 : 3,4 : 3,1 : 4,от 4 : 3,6 : 2,7 : 1,6 : 3,3 : 1,4 : 3,4 : 6,2 : 3,6 : 3,от 6 : 5,6 : 3,4 : 1,3 : 1,4 : 1,6 : 4,5 : 1,от 5 : 4,от 4 : 3,3 : 2,3 : 4 от,от 5 : 4,5 : 3,2 : 4,5 : 6 б,от 4 : 3,3 : 4 от,4 : 1,1 : 2,5 : 2,от 4 : 3,б 4 : 3,б 4 : 3,от 4 : 3,1 : 2 от,б 2 : 1,6 : 4,5 : 1,3 : 4 от,3 : 0,2 : 7,2 : 4,от 5 : 4,3 : 7,4 : 2,1 : 0,2 : 4,от 4 : 3,0 : 4,1 : 4,2 : 5,3 : 1,2 : 7,3 : 2,0 : 4,2 : 1,2 : 0,1 : 3,1 : 4,2 : 5,4 : 1,1 : 2,2 : 1,3 : 1,6 : 1,2 : 1,2 : 1,1 : 4,2 : 1,2 : 5,4 : 5 б,1 : 2,5 : 1,4 : 2,3 : 5,2 : 1,5 : 2,1 : 2,3 : 4,5 : 2,1 : 2,2 : 3 от,1 : 3,3 : 4 от,0 : 4,0 : 3,5 : 3,3 : 0,6 : 4,1 : 2 от,0 : 1,3 : 6,0 : 3,5 : 3,3 : 6,2 : 3 б,от 5 : 4,3 : 4 от,1 : 3,3 : 4 б,2 : 5,3 : 4 от,3 : 1,5 : 2,от 6 : 5,1 : 4,0 : 2,4 : 1,5 : 2,2 : 4,2 : 1,4 : 2,2 : 1,2 : 4,6 : 3,3 : 5,2 : 0,1 : 3,1 : 4,4 : 7,2 : 3,2 : 1,2 : 3 от,0 : 4,6 : 5,1 : 6,5 : 1,3 : 4,2 : 3 от,4 : 5 от,2 : 3 от,1 : 5,3 : 6,4 : 0,1 : 3,2 : 3,3 : 1,6 : 3,1 : 2,3 : 4 б,2 : 3 от,1 : 2 от,2 : 3 от,3 : 4,8 : 5,2 : 4,4 : 0,2 : 0,3 : 5,2 : 7,3 : 4 от,5 : 4,1 : 3,4 : 5,3 : 4,3 : 5,6 : 4,4 : 3,2 : 0,от 3 : 2,5 : 2,2 : 6,4 : 0,4 : 2,от 4 : 3,от 2 : 1,2 : 3 б,6 : 1,2 : 3,3 : 4,2 : 3 от,2 : 1,5 : 0,3 : 4 от,1 : 4,3 : 4,4 : 0,5 : 2,4 : 5,3 : 2,5 : 0,5 : 1,2 : 3,3 : 5,0 : 4,0 : 4,0 : 3,0 : 1,3 : 4,3 : 1,3 : 4,4 : 0,5 : 1,5 : 1,5 : 3,4 : 0,2 : 3,7 : 4,1 : 3,4 : 2,7 : 2,3 : 4 от,5 : 3,1 : 2 от,2 : 4,2 : 1,2 : 4,3 : 4,от 4 : 3,3 : 1,3 : 2,4 : 1,б 4 : 3,2 : 3,3 : 4 от,1 : 4,4 : 3,4 : 2,4 : 3,4 : 7,1 : 2,3 : 2,3 : 0,3 : 5,1 : 2 от,2 : 3,2 : 5,3 : 4 от,1 : 3,2 : 3,4 : 1,5 : 2,6 : 3,от 4 : 3,7 : 5,5 : 1,5 : 1,7 : 1,1 : 4,8 : 5,3 : 6,7 : 4,2 : 3 от,7 : 2,4 : 1,от 2 : 1,6 : 2,3 : 1,5 : 1,4 : 1,7 : 2,б 3 : 2,0 : 2,5 : 2,5 : 2,4 : 3,3 : 4 от,6 : 3,2 : 3 б,4 : 3,4 : 1,5 : 2,2 : 4,1 : 5,0 : 3,1 : 2,1 : 4,3 : 1,1 : 4,0 : 2,2 : 3 от,6 : 4,4 : 3,2 : 3,7 : 1,6 : 3,3 : 2,2 : 5,4 : 2,2 : 3,2 : 4,2 : 1,7 : 3,2 : 5,8 : 5,3 : 0,3 : 2,2 : 4,4 : 7,1 : 4,4 : 3,2 : 4,6 : 2,6 : 7 от,2 : 3,б 3 : 2,2 : 3,от 3 : 2,2 : 1,6 : 3,2 : 5,1 : 5,1 : 2,2 : 5,3 : 1,3 : 6,3 : 4 б,4 : 5,0 : 1,4 : 2,1 : 0,2 : 3 от,3 : 4,4 : 3,3 : 7,1 : 4,5 : 3,4 : 3,0 : 1 б,5 : 2,от 3 : 2,3 : 1,от 5 : 4,2 : 3 от,2 : 4,4 : 2,3 : 1,0 : 2,9 : 3,3 : 2,1 : 3,2 : 3,3 : 4 от,1 : 5,от 3 : 2,0 : 1,3 : 4,от 4 : 3,3 : 4 от,6 : 1,2 : 1,5 : 4,3 : 1,0 : 4,2 : 3,1 : 5,3 : 2,б 5 : 4,4 : 1,2 : 3 б,5 : 2,2 : 3 от,3 : 6,2 : 6,5 : 4,б 4 : 3,от 4 : 3,2 : 3 б,5 : 6 от,1 : 2 б,от 3 : 2,5 : 2,3 : 4,0 : 1 от,4 : 0,1 : 4,от 3 : 2,от 4 : 3,2 : 4,2 : 5,- : -,- : -,- : -,- : -,- : -,- : -,- : -,- : -,- : -,- : -,- : -,- : -,- : -,- : -,- : -,- : -,- : -,- : -,- : -,- : -,- : -,- : -,- : -,- : -,- : -,- : -,- : -,- : -,- : -,- : -,- : -,- : -,- : -,- : -,- : -,- : -,- : -,- : -,- : -,- : -,- : -,- : -,- : -,- : -,- : -,- : -,- : -,- : -,- : -,- : -,- : -,- : -,- : -,- : -,- : -,- : -,- : -,- : -,- : -,- : -,- : -,- : -,- : -,- : -,- : -,- : -,- : -,- : -,- : -,- : -,- : -,- : -,- : -,- : -,- : -,- : -,- : -,- : -,- : -,- : -,- : -,- : -,- : -,- : -,- : -,- : -,- : -,- : -,- : -,- : -,- : -,- : -,- : -,- : -,- : -,- : -,- : -,- : -,- : -,- : -,- : -,- : -,- : -,- : -,- : -,- : -,- : -,- : -,- : -,- : -,- : -,- : -,- : -,- : -,- : -,- : -,- : -,- : -,- : -,- : -,- : -,- : -,- : -,- : -,- : -,- : -,- : -,- : -,- : -,- : -,- : -,- : -,- : -,- : -,- : -,- : -,- : -,- : -,- : -,- : -,- : -,- : -,- : -,- : -,- : -,- : -,- : -,- : -,- : -,- : -,- : -,- : -,- : -,- : -,- : -,- : -,- : -,- : -,- : -,- : -,- : -,- : -,- : -,- : -,- : -,- : -,- : -,- : -,- : -,- : -,- : -,- : -,- : -,- : -,- : -,- : -,- : -,- : -,- : -,- : -,- : -,- : -,- : -,- : -,- : -,- : -,- : -,- : -,- : -,- : -,- : -,- : -,- : -,- : -,- : -,- : -,- : -,- : -,- : -,- : -,- : -,- : -,- : -,- : -,- : -,- : -,- : -,- : -,- : -,- : -,- : -,- : -,- : -,- : -,- : -,- : -,- : -,- : -,- : -,- : -,- : -,- : -,- : -,- : -,- : -,- : -,- : -,- : -,- : -,- : -,- : -,- : -,- : -,- : -,- : -,- : -,- : -,- : -,- : -,- : -,- : -,- : -,- : -,- : -,- : -,- : -,- : -,- : -,- : -,- : -,- : -,- : -,- : -,- : -,- : -,- : -,- : -,- : -,- : -,- : -,- : -,- : -,- : -,- : -,- : -,- : -,- : -,- : -,- : -,- : -,- : -,- : -,- : -,- : -,- : -,- : -,- : -,- : -,- : -,- : -,- : -,- : -,- : -,- : -,- : -,- : -,- : -,- : -,- : -,- : -,- : -,- : -,- : -,- : -,- : -,- : -,- : -,- : -,- : -,- : -,- : -,- : -,- : -,- : -,- : -,- : -,- : -,- : -,- : -,- : -,- : -,- : -,- : -,- : -,- : -,- : -,- : -,- : -,- : -,- : -,- : -,- : -,- : -,- : -,- : -,- : -,- : -,- : -,- : -,- : -,- : -,- : -,- : -,- : -,- : -,- : -,- : -,- : -,- : -,- : -,- : -,- : -,- : -,- : -,- : -,- : -,- : -,- : -,- : -,- : -,- : -,- : -,- : -,- : -,- : -,- : -,- : -,- : -,- : -,- : -,- : -,- : -,- : -,- : -,- : -,- : -,- : -,- : -,- : -,- : -,- : -,- : -,- : -,- : -,- : -,- : -,- : -,- : -,- : -,- : -,- : -,- : -,- : -,- : -,- : -,- : -,- : -,- : -,- : -,- : -,- : -,- : -,- : -,- : -,- : -,- : -,- : -,- : -,- : -,- : -,- : -,- : -,- : -,- : -,- : -,- : -,- : -,- : -,- : -,- : -,- : -,- : -,- : -,- : -,- : -,- : -,- : -,- : -,- : -,- : -,- : -,- : -,- : -,- : -,- : -,- : -,- : -,- : -,- : -,- : -,- : -,- : -,- : -,- : -,- : -
Монреаль,Бостон,Калгари,Анахайм,Бостон,Вашингтон,Айлендерс,Коламбус,Чикаго,Нэшвилл,Виннипег,Аризона,Миннесота,Филадельфия,Каролина,Сан-Хосе,Эдмонтон,Виннипег,Флорида,Рейнджерс,Нэшвилл,Оттава,Монреаль,Чикаго,Вегас,Анахайм,Филадельфия,Ванкувер,Рейнджерс,Торонто,Детройт,Оттава,Сан-Хосе,Вегас,Детройт,Ванкувер,Сан-Хосе,Колорадо,Лос-Анджелес,Калгари,Торонто,Филадельфия,Вегас,Аризона,Вегас,Сан-Хосе,Коламбус,Вашингтон,Эдмонтон,Колорадо,Ванкувер,Лос-Анджелес,Торонто,Чикаго,Виннипег,Калгари,Эдмонтон,Вегас,Лос-Анджелес,Детройт,Каролина,Коламбус,Питтсбург,Торонто,Ванкувер,Айлендерс,Анахайм,Сент-Луис,Баффало,Калгари,Сан-Хосе,Каролина,Анахайм,Даллас,Лос-Анджелес,Детройт,Миннесота,Даллас,Ванкувер,Колорадо,Флорида,Каролина,Аризона,Эдмонтон,Баффало,Рейнджерс,Сент-Луис,Бостон,Айлендерс,Питтсбург,Колорадо,Филадельфия,Детройт,Ванкувер,Аризона,Бостон,Айлендерс,Баффало,Флорида,Миннесота,Нэшвилл,Нью-Джерси,Колорадо,Баффало,Аризона,Сент-Луис,Монреаль,Детройт,Чикаго,Тампа-Бэй,Нэшвилл,Анахайм,Бостон,Айлендерс,Калгари,Тампа-Бэй,Баффало,Колорадо,Каролина,Сент-Луис,Вашингтон,Аризона,Флорида,Калгари,Бостон,Сан-Хосе,Анахайм,Лос-Анджелес,Питтсбург,Торонто,Флорида,Тампа-Бэй,Ванкувер,Филадельфия,Монреаль,Нэшвилл,Лос-Анджелес,Коламбус,Рейнджерс,Анахайм,Вашингтон,Питтсбург,Ванкувер,Тампа-Бэй,Виннипег,Сан-Хосе,Оттава,Флорида,Айлендерс,Эдмонтон,Вашингтон,Виннипег,Баффало,Монреаль,Колорадо,Чикаго,Тампа-Бэй,Питтсбург,Рейнджерс,Айлендерс,Даллас,Эдмонтон,Сан-Хосе,Оттава,Калгари,Миннесота,Калгари,Айлендерс,Бостон,Детройт,Нью-Джерси,Даллас,Вегас,Миннесота,Оттава,Филадельфия,Рейнджерс,Чикаго,Виннипег,Питтсбург,Даллас,Нэшвилл,Нью-Джерси,Баффало,Вашингтон,Вегас,Чикаго,Колорадо,Рейнджерс,Филадельфия,Коламбус,Флорида,Колорадо,Каролина,Оттава,Торонто,Даллас,Эдмонтон,Тампа-Бэй,Нью-Джерси,Бостон,Миннесота,Чикаго,Каролина,Филадельфия,Коламбус,Тампа-Бэй,Баффало,Коламбус,Нью-Джерси,Даллас,Эдмонтон,Монреаль,Филадельфия,Вегас,Монреаль,Даллас,Ванкувер,Нью-Джерси,Эдмонтон,Каролина,Анахайм,Миннесота,Питтсбург,Нэшвилл,Калгари,Аризона,Эдмонтон,Ванкувер,Айлендерс,Вегас,Баффало,Каролина,Сан-Хосе,Миннесота,Коламбус,Нью-Джерси,Рейнджерс,Колорадо,Сан-Хосе,Миннесота,Чикаго,Ванкувер,Нэшвилл,Рейнджерс,Вегас,Аризона,Торонто,Айлендерс,Детройт,Оттава,Калгари,Миннесота,Аризона,Оттава,Нью-Джерси,Вегас,Калгари,Колорадо,Чикаго,Ванкувер,Коламбус,Нэшвилл,Ванкувер,Флорида,Питтсбург,Аризона,Тампа-Бэй,Вашингтон,Монреаль,Торонто,Нэшвилл,Сент-Луис,Вашингтон,Бостон,Анахайм,Флорида,Тампа-Бэй,Рейнджерс,Нью-Джерси,Детройт,Ванкувер,Нэшвилл,Монреаль,Торонто,Бостон,Баффало,Лос-Анджелес,Вашингтон,Сент-Луис,Торонто,Детройт,Тампа-Бэй,Баффало,Монреаль,Питтсбург,Флорида,Коламбус,Лос-Анджелес,Бостон,Эдмонтон,Сент-Луис,Даллас,Нью-Джерси,Миннесота,Вегас,Колорадо,Коламбус,Даллас,Баффало,Флорида,Вашингтон,Тампа-Бэй,Лос-Анджелес,Вегас,Виннипег,Эдмонтон,Даллас,Айлендерс,Монреаль,Торонто,Чикаго,Бостон,Филадельфия,Флорида,Оттава,Сент-Луис,Вегас,Ванкувер,Виннипег,Колорадо,Рейнджерс,Монреаль,Детройт,Виннипег,Айлендерс,Эдмонтон,Калгари,Торонто,Чикаго,Флорида,Питтсбург,Колорадо,Нэшвилл,Оттава,Ванкувер,Вашингтон,Филадельфия,Каролина,Коламбус,Баффало,Бостон,Виннипег,Чикаго,Даллас,Ванкувер,Сан-Хосе,Калгари,Нью-Джерси,Анахайм,Эдмонтон,Оттава,Вашингтон,Бостон,Нью-Джерси,Коламбус,Сан-Хосе,Оттава,Анахайм,Каролина,Питтсбург,Вегас,Аризона,Колорадо,Даллас,Лос-Анджелес,Сент-Луис,Анахайм,Сан-Хосе,Даллас,Питтсбург,Миннесота,Рейнджерс,Баффало,Аризона,Чикаго,Айлендерс,Лос-Анджелес,Вегас,Баффало,Нью-Джерси,Анахайм,Сент-Луис,Лос-Анджелес,Сан-Хосе,Даллас,Детройт,Виннипег,Филадельфия,Торонто,Тампа-Бэй,Коламбус,Рейнджерс,Сент-Луис,Чикаго,Вегас,Анахайм,Виннипег,Калгари,Колорадо,Сан-Хосе,Каролина,Тампа-Бэй,Баффало,Эдмонтон,Виннипег,Бостон,Колорадо,Калгари,Тампа-Бэй,Торонто,Оттава,Миннесота,Вашингтон,Аризона,Эдмонтон,Каролина,Чикаго,Колорадо,Айлендерс,Коламбус,Детройт,Монреаль,Бостон,Миннесота,Вашингтон,Нэшвилл,Чикаго,Нью-Джерси,Сент-Луис,Сан-Хосе,Миннесота,Каролина,Филадельфия,Вегас,Колорадо,Торонто,Айлендерс,Вашингтон,Питтсбург,Рейнджерс,Сан-Хосе,Нэшвилл,Ванкувер,Филадельфия,Бостон,Монреаль,Нью-Джерси,Калгари,Даллас,Питтсбург,Рейнджерс,Лос-Анджелес,Нью-Джерси,Ванкувер,Аризона,Торонто,Лос-Анджелес,Детройт,Монреаль,Чикаго,Оттава,Флорида,Эдмонтон,Вегас,Питтсбург,Филадельфия,Даллас,Лос-Анджелес,Аризона,Торонто,Каролина,Флорида,Эдмонтон,Ванкувер,Даллас,Аризона,Вегас,Бостон,Оттава,Вашингтон,Колорадо,Виннипег,Филадельфия,Калгари,Оттава,Лос-Анджелес,Баффало,Детройт,Торонто,Анахайм,Нью-Джерси,Даллас,Филадельфия,Вегас,Аризона,Калгари,Баффало,Тампа-Бэй,Сан-Хосе,Эдмонтон,Вегас,Анахайм,Нэшвилл,Бостон,Айлендерс,Флорида,Анахайм,Торонто,Детройт,Сан-Хосе,Нэшвилл,Калгари,Айлендерс,Сент-Луис,Тампа-Бэй,Виннипег,Питтсбург,Монреаль,Анахайм,Флорида,Нэшвилл,Миннесота,Детройт,Нью-Джерси,Чикаго,Тампа-Бэй,Монреаль,Сент-Луис,Айлендерс,Виннипег,Баффало,Оттава,Чикаго,Коламбус,Нэшвилл,Флорида,Лос-Анджелес,Сент-Луис,Монреаль,Вашингтон,Питтсбург,Рейнджерс,Анахайм,Колорадо,Даллас,Виннипег,Тампа-Бэй,Коламбус,Бостон,Флорида,Филадельфия,Детройт,Лос-Анджелес,Айлендерс,Аризона,Нью-Джерси,Коламбус,Каролина,Детройт,Филадельфия,Калгари,Даллас,Баффало,Миннесота,Ванкувер,Колорадо,Анахайм,Аризона,Торонто,Оттава,Монреаль,Каролина,Миннесота,Вегас,Сан-Хосе,Вашингтон,Филадельфия,Бостон,Айлендерс,Монреаль,Питтсбург,Детройт,Рейнджерс,Чикаго,Аризона,Ванкувер,Вегас,Нэшвилл,Ванкувер,Айлендерс,Питтсбург,Филадельфия,Оттава,Рейнджерс,Флорида,Лос-Анджелес,Тампа-Бэй,Монреаль,Виннипег,Сан-Хосе,Бостон,Филадельфия,Лос-Анджелес,Калгари,Питтсбург,Ванкувер,Нью-Джерси,Эдмонтон,Сан-Хосе,Миннесота,Каролина,Калгари,Флорида,Ванкувер,Чикаго,Вашингтон,Тампа-Бэй,Виннипег,Коламбус,Нэшвилл,Вашингтон,Нью-Джерси,Рейнджерс,Вегас,Миннесота,Калгари,Баффало,Ванкувер,Коламбус,Нэшвилл,Айлендерс,Эдмонтон,Тампа-Бэй,Каролина,Нью-Джерси,Рейнджерс,Даллас,Вашингтон,Чикаго,Эдмонтон,Нэшвилл,Сент-Луис,Миннесота,Калгари,Лос-Анджелес,Каролина,Миннесота,Нью-Джерси,Флорида,Филадельфия,Коламбус,Монреаль,Колорадо,Даллас,Рейнджерс,Эдмонтон,Нэшвилл,Колорадо,Оттава,Торонто,Даллас,Вашингтон,Айлендерс,Нэшвилл,Каролина,Виннипег,Монреаль,Флорида,Сан-Хосе,Аризона,Оттава,Баффало,Детройт,Флорида,Питтсбург,Рейнджерс,Филадельфия,Колорадо,Тампа-Бэй,Коламбус,Бостон,Детройт,Вегас,Сент-Луис,Аризона,Оттава,Питтсбург,Нэшвилл,Анахайм,Рейнджерс,Тампа-Бэй,Флорида,Аризона,Сент-Луис,Чикаго,Колорадо,Миннесота,Монреаль,Баффало,Нью-Джерси,Сент-Луис,Каролина,Анахайм,Флорида,Вегас,Вашингтон,Лос-Анджелес,Тампа-Бэй,Питтсбург,Колорадо,Бостон,Баффало,Сан-Хосе,Эдмонтон,Чикаго,Нью-Джерси,Сент-Луис,Торонто,Виннипег,Анахайм,Лос-Анджелес,Монреаль,Торонто,Оттава,Айлендерс,Питтсбург,Детройт,Баффало,Анахайм,Лос-Анджелес,Сан-Хосе,Оттава,Филадельфия,Виннипег,Рейнджерс,Флорида,Коламбус,Питтсбург,Калгари,Вашингтон,Анахайм,Детройт,Аризона,Каролина,Нэшвилл,Сент-Луис,Миннесота,Сан-Хосе,Сан-Хосе,Аризона,Айлендерс,Детройт,Каролина,Аризона,Вашингтон,Миннесота,Сент-Луис,Нэшвилл,Каролина,Виннипег,Нью-Джерси,Виннипег,Баффало,Филадельфия,Тампа-Бэй,Баффало,Филадельфия,Рейнджерс,Коламбус,Чикаго,Нэшвилл,Оттава,Калгари,Тампа-Бэй,Вегас,Торонто,Миннесота,Эдмонтон,Нью-Джерси,Сент-Луис,Лос-Анджелес,Вегас,Детройт,Анахайм,Питтсбург,Даллас,Тампа-Бэй,Чикаго,Ванкувер,Аризона,Бостон,Калгари,Эдмонтон,Лос-Анджелес,Анахайм,Ванкувер,Аризона,Айлендерс,Каролина,Сент-Луис,Лос-Анджелес,Ванкувер,Миннесота,Анахайм,Вегас,Аризона,Сан-Хосе,Коламбус,Чикаго,Оттава,Бостон,Колорадо,Лос-Анджелес,Каролина,Айлендерс,Питтсбург,Виннипег,Вегас,Сент-Луис,Анахайм,Эдмонтон,Даллас,Ванкувер,Коламбус,Сан-Хосе,Каролина,Анахайм,Колорадо,Миннесота,Детройт,Лос-Анджелес,Виннипег,Нэшвилл,Даллас,Флорида,Питтсбург,Торонто,Сан-Хосе,Коламбус,Калгари,Сент-Луис,Виннипег,Колорадо,Детройт,Миннесота,Каролина,Тампа-Бэй,Торонто,Питтсбург,Лос-Анджелес,Сан-Хосе,Чикаго,Айлендерс,Даллас,Вашингтон,Каролина,Калгари,Нью-Джерси,Детройт,Филадельфия,Рейнджерс,Торонто,Аризона,Эдмонтон,Ванкувер,Айлендерс,Калгари,Даллас,Оттава,Монреаль,Колорадо,Нью-Джерси,Сент-Луис,Торонто,Вашингтон,Ванкувер,Рейнджерс,Эдмонтон,Нью-Джерси,Бостон,Детройт,Калгари,Сент-Луис,Торонто,Оттава,Монреаль,Эдмонтон,Даллас,Коламбус,Ванкувер,Нэшвилл,Бостон,Рейнджерс,Сент-Луис,Филадельфия,Баффало,Монреаль,Вашингтон,Аризона,Тампа-Бэй,Оттава,Вегас,Бостон,Вашингтон,Рейнджерс,Баффало,Питтсбург,Тампа-Бэй,Коламбус,Анахайм,Торонто,Нэшвилл,Аризона,Чикаго,Виннипег,Айлендерс,Бостон,Сан-Хосе,Миннесота,Вашингтон,Каролина,Оттава,Филадельфия,Баффало,Лос-Анджелес,Сент-Луис,Айлендерс,Аризона,Коламбус,Колорадо,Миннесота,Анахайм,Виннипег,Вашингтон,Нью-Джерси,Бостон,Каролина,Лос-Анджелес,Сан-Хосе,Колорадо,Монреаль,Питтсбург,Айлендерс,Анахайм,Рейнджерс,Даллас,Сан-Хосе,Сент-Луис,Калгари,Виннипег,Баффало,Монреаль,Лос-Анджелес,Эдмонтон,Флорида,Анахайм,Сан-Хосе,Калгари,Баффало,Оттава,Питтсбург,Лос-Анджелес,Монреаль,Нэшвилл,Миннесота,Флорида,Даллас,Эдмонтон,Калгари,Тампа-Бэй,Ванкувер,Чикаго,Филадельфия,Тампа-Бэй,Торонто,Эдмонтон,Ванкувер,Флорида,Даллас,Монреаль,Питтсбург,Филадельфия,Вашингтон,Сент-Луис,Нэшвилл,Вегас,Колорадо,Эдмонтон,Чикаго,Нью-Джерси,Баффало,Питтсбург,Оттава,Каролина,Детройт,Даллас,Миннесота,Вашингтон,Филадельфия,Ванкувер,Колорадо,Оттава,Виннипег,Нэшвилл,Чикаго,Эдмонтон,Торонто,Каролина,Коламбус,Оттава,Флорида,Виннипег,Миннесота,Рейнджерс,Детройт,Анахайм,Монреаль,Вашингтон,Торонто,Сент-Луис,Калгари,Флорида,Коламбус,Айлендерс,Рейнджерс,Миннесота,Баффало,Колорадо,Ванкувер,Калгари,Сент-Луис,Монреаль,Миннесота,Нью-Джерси,Виннипег,Монреаль,Баффало,Сент-Луис,Оттава,Детройт,Филадельфия,Нью-Джерси,Торонто,Питтсбург,Лос-Анджелес,Каролина,Чикаго,Вегас,Детройт,Виннипег,Бостон,Вегас,Лос-Анджелес,Тампа-Бэй,Коламбус,Оттава,Сан-Хосе,Аризона,Каролина,Рейнджерс,Даллас,Вашингтон,Бостон,Детройт,Аризона,Сан-Хосе,Нью-Джерси,Нэшвилл,Чикаго,Нью-Джерси,Рейнджерс,Питтсбург,Монреаль,Вашингтон,Сент-Луис,Тампа-Бэй,Даллас,Бостон,Анахайм,Нэшвилл,Флорида,Филадельфия,Каролина,Вегас,Анахайм,Рейнджерс,Нью-Джерси,Сент-Луис,Айлендерс,Флорида,Калгари,Коламбус,Чикаго,Торонто,Вашингтон,Баффало,Рейнджерс,Эдмонтон,Нэшвилл,Нью-Джерси,Сент-Луис,Айлендерс,Ванкувер,Филадельфия,Флорида,Эдмонтон,Аризона,Ванкувер,Виннипег,Вегас,Вашингтон,Бостон,Детройт,Монреаль,Питтсбург,Эдмонтон,Торонто,Колорадо,Флорида,Коламбус,Торонто,Тампа-Бэй,Оттава,Виннипег,Тампа-Бэй,Аризона,Бостон,Айлендерс,Детройт,Питтсбург,Филадельфия,Колорадо,Коламбус,Оттава,Виннипег,Сан-Хосе,Миннесота,Сан-Хосе,Аризона,Айлендерс,Чикаго,Оттава,Нэшвилл,Рейнджерс,Баффало,Бостон,Миннесота,Тампа-Бэй,Питтсбург,Калгари,Детройт,Анахайм,Филадельфия,Аризона,Монреаль,Колорадо,Коламбус,Флорида,Баффало,Питтсбург,Бостон,Вегас,Нэшвилл,Даллас,Лос-Анджелес,Детройт,Каролина,Айлендерс,Флорида,Баффало,Лос-Анджелес,Чикаго,Анахайм,Торонто,Рейнджерс,Даллас,Вегас,Детройт,Вашингтон,Монреаль,Флорида,Айлендерс,Даллас,Лос-Анджелес,Чикаго,Сент-Луис,Нэшвилл,Нью-Джерси,Анахайм,Аризона,Миннесота,Филадельфия,Вашингтон,Сент-Луис,Баффало,Монреаль,Флорида,Торонто,Коламбус,Вегас,Даллас,Анахайм,Чикаго,Рейнджерс,Миннесота,Каролина,Коламбус,Бостон,Калгари,Вашингтон,Рейнджерс,Торонто,Тампа-Бэй,Колорадо,Виннипег,Эдмонтон,Калгари,Нэшвилл,Бостон,Питтсбург,Каролина,Тампа-Бэй,Виннипег,Филадельфия,Эдмонтон,Сан-Хосе,Лос-Анджелес,Оттава,Сент-Луис,Калгари,Монреаль,Нью-Джерси,Тампа-Бэй,Оттава,Айлендерс,Детройт,Филадельфия,Ванкувер,Бостон,Виннипег,Сан-Хосе,Аризона,Коламбус,Даллас,Лос-Анджелес,Тампа-Бэй,Ванкувер,Торонто,Нью-Джерси,Каролина,Рейнджерс,Айлендерс,Коламбус,Баффало,Чикаго,Миннесота,Виннипег,Эдмонтон,Вегас,Колорадо
9 39,,43 48,1 38 48 50 59,6 15 36 59,3 4 8 23 53 53,29 61,5 33 62,4 10 52 61,23 43 58,4 45 46 47 51,,6,11 18 22 26 27,1 26 45,9 13 62,4 51,22,5,55,3 16 33 36,9 23 24 41 59,11 15 23 34 50,18 21 30 46 62,58 -1,39,7 22,13 16 22 36,1 6 22 31 44,14 14 23 27 49 58 61,28 56,22 32 57,,27 50,11 34,6 21 23,3 3 12 16 34 43 55 58,23 29,6,16 25 41,9 18 31 36 37 44 56,14 23 26 35 44 52 59,30 47,17 25 -1,6 53,4 24,13 17 32 41 57,,3,10 13 16 37 55 57,51 52 58 59,3 11 49,15 22 27 51 59,10 12 42,,7 48 51,14 46,58,35,41 48,8 35 49 58 62,28 35,3 15 31,23 38 46 58,34 38 46,26 32,9 13 28,32 41 44,2 18 56,30 58 61,23 35,47,18 47 54,16,23,17 47 50,13 35,,8 18 61,28 39,17 32 37 45 48,10 32,13,12 41 42 53 61,59,6 32 50,23 56,22 33,59,11 57 58,21 27 48 56 59,10 19 41,26,32,11 28 54 57,31 51,4 23 32 43 44 49 51,21,10 15 16 18 39 -1,49 52 59,1 24 34 46 59,4 42,16 29 56,10 23 35 39 59,15 43 51,24 33 36 58,3 4 16,25 26 27 63,3 47 55 58,2 10 15 55,33 34 59,41,47,19,17 32 34 58,3 24 32 34 50 57,36 37 43 59,3 34 42 58,18 28 59,1 10 29 45,2 29 39 45 58,7 12 21 44,18 50,16 51,11 39 41 45,6 27 51 52 57,30,34 37,10 27 30 39 46 62,14 22 31 48,42 50 61,46,24 25 -1,,1 36 46,14 33 53 63,43,16 22 23 28 41 42 46,4,8 23,32,4 14 19 21 26 29 39 53 58,22,3 16 24,36 53,6 8 25,2 10 30,55 59,11 13 24 48 48 51,11 24 38 44 58,9 14 37 -1,9 31,1 14 42 44,9 10 59,5 59,3 18 36,49,25 36 54 55 57,11 27 55,3 34,11 59,18 61,2 22 24 62,3 28 47,45 46 59,7 34,59 62,10 12 29 31 33 49,32 39 45,1 9 13 56 59,1 5 36,21 27 49 57,17,14 32 38 54,28,3 28 58,4 41 50 -1,6 21,18 35 43 59,6 52,31 44,6 19 56 57,34 43 59,41 43,6 26 27 32,6 23 48,,23 25 31 36 58,21 34 -1,17 30 34 54 56,16 29 38 58,14 24 39 52,21 26 30 32 41 58,30 53 54,26 54,9 21 31 55 59,10 11 30 63,1 21 34 48,13 16 41 55,,,4 5 18 35 49,13 19 32,,1 16 39,41,21 43 59 61,46,23 59,2 12 27 39 41,3,10 30,5 35 47 -1,12 19 37 46 58,31,1 24 26,43,13 31,3 11 54,32 41,19,33,32 41 43,12,13 17 39 57,17 46,8 21 26 26,41,2 27 28 33 34 39 49 51,3 48,15 19 37 49 52,6 14 15 25 42 61,4 9 15 21,14 31 47,14 34 59,17 45,27,37 38,42 46,,1 23 27 50 56,,38 39 43,21 41 41 59 62,5 26 28 39 -1,17 18 34 43,,39,7 28,8 46 49 -1,4 7 41 48 50 59,2,21 21 47,16 31 34 58,18,7 23,30,26,1 15 25 30,9 30,23,21 50,43,2 22,28 37,13 44,51,25,6 19 23 47 49,5 21,2 6 21 24 27,24 25 37 42,,13,16 19 23,,1 6 33,19 21 21 27,5 5 23 53 57,3 53 56,23,26 45,52,8 48 52,2 11 22 32 53,,41 -1,30 -1,28 38 61,6 27 36 37,5 63,38 53 64,26 32 37 48 49 61,14 52 58,28 51 57,11 42 45 56,4 10,11 21 27 31,25 26 30,1 2,2 23,,22 24 27 34 47 49,6,27,12 22 23 24 41 43,22 38 51 64,14 19,22,11 30 38 51 61,4 6 11 19 28 36 58,13 14 33 41 63,5 43,28 59,41 45,1 14 14 30 54 58,8 21 43 61,47,,6 50,15 51,31 45,24 46,25 33,2 38 56,32 41 51 52,12,25 35 63,24 48 55,1 39 46,11 16 31 37 41 42 48,,38 48,8,16 38,7 34 52 63,48,,16 22,11 38,54,26,7 8 9 46 55,14 56,3 30 50 53,,30 36 39 53 58,,53,5 33,3 47 -1,13 14 57,15 16 21 30 32 36 41 59,21 25 49 59 62,51 55,25 32 50 58,,7 16 28 31 43 44,9 45,22 39,13 22,13 57,2 27 54 59,23 34,21 26 51,7 9 16 25 26 43 58,51 56,5 51 53 57,32 44 45,7 31,18 24 45 54,2 12 16 26 33 39 45 49,4 43 47 48,13 26 45,,30 61,33 35 48,1 32 58,10 24 58,1 38 53 61,39 39 44,7 32,,8 9 25 42,21 39 51,3 8 29 53 57,12,13 19,14 23 41 53,10 22,29 52 58,56 61,4 19 61,33,29 58,50 56,25 37 51 59,24 50 53 64,5 26 41 59,6 12 34 56 59,11 33 39 51 63,26 28,28 34,21,12 33,32,9 34 35 47 49 54,42 44 57 -1,10 27 28,24 59,2 10 35,,13 19 28 32 41,25,54,43 44 59,,28 29 33,6 21 22 32 33 34 42 46 53,25 31 34 49 54 -1,28 39 54 64,28 52,12 35 36,15 31 51,18 25,24 59 -1,38,27 39,10 25 46 47 58,17 44,7 18 45 61,5 6 19 31 62,8 31 35 43 57,2 58,,25 36 55 59,27 45 58,24 36 47,13 21 30 32 51 59,34,9 46,10 47,21 41 42 58,12 30 42 48 49 51,4,14,44 49 52,24 26 43,1 10 19 51,23,3 18 26 41 -1,14 15 25 54 59,19 41,2 12 14 31 33 48,17,27 63,6 7 58,1 10 13 29 59,,6 48,42 -1,12 15 57,53,12 28,48 56 58,12 13 35,8 33 45 48,6 21 32,41 56,42,22 27 46,1,15 51 53,13 29 33 35 36 43,1 36 43,18 25 39,21 25 26 27 51,26 28 31,3,7,5,22 41 50 55,2,10 26 37 38,15 55 59,23 52,30 53 56 64,1 7 9 23,31 47 48,8 13 47 59,3 32 37 38 49 -1,5 9 53,14 35 39 61,50,12 48,3 29,23 30 52,2 22 27,5 19 58,50 56 58,15 61,58,28 29 53 55,16,11 26 33 62,,5 10 16 18 25 56 58,23 45 56 59,13 29 38 46,9 10 24 27 36 53 58,21 55,,22 25 38 59,25 41 46,2 39 41 45,18 22 38 57,29 41 43 44 57,34,6 7 13 21 39 56 58,24 42,29 30 41 57,19,,17 23 28,8 42 51 58,8 11 28 57 58,21,29 38,5,55,50,24,7,11 32 43 59,30,1 17 21 58 58,3 23 25 55 -1,21 41,46,18 19,1 12 13 56 59,49,22 31,8 41,15 29 33 39,33 49,3 17,4 45 62,4 11 41,3 28 58 61,1 17 29 33,8 23 39,35 46 56,,18 45 47 51,41 64,58,17 33 34 44 55 58,4 5 30,2 8 36,16 22 36 37 41 58,21 45 -1,3 19 29 52,23 32 42 61,34 48 59,15 32 46 -1,1 15 44 52 59,9 16 57 61,52,11 44,10 24 41 44 48,21 38 55 57,7 31,37,15 59,3 6 18 19,9,10 43,15,2 18 29 53,16 22 26,1 2 48 55 59,,9 22 59,4 32 43 57,6 10 26 38 42 48 54,7 16 21,1,9 57 63,9 22 24 30,9 10 17 32 33,1 25 27 29 43 43,43,2 23 44 47,1 9 61,19 28 33 34 61,5 31 63,3 36 44 46 51,9 29 31 34 50 58,,22 41 59,15 19 30,42,28 51 53,19 23,26 32 35 -1,21 32 61,6 61,16 49 61,24 26 38 54,6 23 38 41 53,12 38 50 59,,,26 37 39 49 59,26 31 32 35 41 44 53,28 35 45 61,3 31 37 38,22 33 59,2 17 24 26 36,9 25 29 44,21 23 37 45 55,7 21 49 56,33 52 58,,3 45,15 23,6 7 14 21 37 50,,35 36,17 23 58,30,1 36 -1,49,6 30 30,21 34 36 46,28 55 61,57,,1 37 46 61,10 19 33 59,22 48 48 55,,16 24,1 4 26 34 47,5 9,,21,6 46 56,16 26 36 41 59,7 16 19 27,24 33 57 59,21 51 58,46,3 38 41 59,23,15 19 57 58,,1,39,9 56 59,,21 21 41,16 36 37 56,11 21 26,51 59,14 30,6 17 36 61,16 19 59,49 61,4 7 19 59,57,6 34 45 58,2 8 23 58,44 55 55,24,39 57,29,9 24 54,34 47 48,21 30 49 64,34 36 41 59,19 25 56,30 46,6 21 59,21 24 31 49 50 56 59,34 54,35 59,,1 27 46 54 58,1 63,18 34 39,1 21 35 41 48,21 39 55 61,1 9 52,21 23 41,46,5 49,22 34 53,2 16 35,4 17 38 55 56,38,45,39,23 25 28 50,23 38 39 48 58,26 29 34 51 57 58,7 8 22 48,18 37 61,1 8,38,46,9 51,32,14,41,27 56,36 57,7 49,10 58,38 56,4 9 58,29 47 50 61,6 30 55,7 19 -1,5 41 59,47,24 33,11 33 34 59,10 23 39 41 55,3 4 7,18 24,6 28 57 58,1,15 27 27 36,45 47,24 25 64,19 33 44 48,8 22 32,9 10 45,47,19 21 59,4 41,37 38 47 49 59,43 43,18 25 49,4 13 22 51,23,3 21 25,21 27 35 54 56,14 35 43 50 53,,28 34,22 35 46 59,1 6 11 21 24 38 57,25 26 37 57,10 18 46,29 30 54 59,24 33,1 14 21 34 50 59 61,11 23 26,2 27,24 30 46,15 59,38,18 23 57,6 16 27 39 48,10 22 27 48 49,21 23,21 26 33 33 36,32,13 14 23 32 51 53,13 44 45 -1,2 7 9 21 42,1,55 57,,19 50 62,19 36 44 55,8 13 34,18 21 25 39 51 57 59,45 47 54 58,35 53 55,17 22 52,-1,5 37,38 57,28,8 17 28 44,19 51 61,8 19 46 59,8 53,8,12 12,21 33 52,10 13,11 55 56,6 24 28,27 34 55 61,1 6 27 35 53,29 47,30,7 27 32 53,9 28 34,17 45 59 61,42,25,8 29 46 47,36,19 32 58 59,43 51 56,6 41 41 41 57,48 59,26 33 37 58,31,36 45 -1,16 44,10 42 62,1 13 39 50 52 58,1 43 45 45 46 52,17 21 41 43,30 31 35,20 45 57,8 32,4 21 41 51 54 63,13,33 48,4 59,22 27 30 51,64,,2 24 45 58,44 49,22 24 58,3 17 30 53,12 13 14 36 58,,,,,,,,,,,,,,,,,,,,,,,,,,,,,,,,,,,,,,,,,,,,,,,,,,,,,,,,,,,,,,,,,,,,,,,,,,,,,,,,,,,,,,,,,,,,,,,,,,,,,,,,,,,,,,,,,,,,,,,,,,,,,,,,,,,,,,,,,,,,,,,,,,,,,,,,,,,,,,,,,,,,,,,,,,,,,,,,,,,,,,,,,,,,,,,,,,,,,,,,,,,,,,,,,,,,,,,,,,,,,,,,,,,,,,,,,,,,,,,,,,,,,,,,,,,,,,,,,,,,,,,,,,,,,,,,,,,,,,,,,,,,,,,,,,,,,,,,,,,,,,,,,,,,,,,,,,,,,,,,,,,,,,,,,,,,,,,,,,,,,,,,,,,,,,,,,,,,,,,,,,,,,,,,,,,,,,,,,,,,,,,,,,,,,,,,,,,,,,,,,,,,,,,,,,,,,,,,,,,,,,,,,,,,,,,,,,,
